streptococcus_initial_strain_cfu_ml,lactobacillus_initial_strain_cfu_ml,ideal_temperature_c,minimum_milk_proteins,titratable_acidity,pH_milk_sour_,fat_milk_over_100mg_,quality_product,lactobacillus_final_cfu_ml,streptococcus_final_cfu_ml,quality_product_
4.6930000000000005,5.376,40.593,2.622,1.171,4.539,1.8156,Low fat yogurt,9.02,7.87,0
4.7860000000000005,5.447,41.373999999999995,2.496,1.011,4.521,1.2484,Low fat yogurt,9.14,8.03,0
5.3420000000000005,5.962999999999999,41.398999999999994,2.423,1.153,4.479,1.5839,Low fat yogurt,10.0,8.96,0
5.733,4.516,40.782,2.611,1.156,4.438,1.3653,Low fat yogurt,7.58,9.62,0
5.106,4.0969999999999995,40.159,2.485,1.133,4.57,1.2232,Low fat yogurt,6.87,8.57,0
5.147,4.0489999999999995,40.227,2.557,1.1079999999999999,4.401,3.2469,Low fat yogurt,6.79,8.64,0
4.27,5.417000000000001,41.508,2.428,1.083,4.417,2.5009,Low fat yogurt,9.09,7.16,0
4.923,4.041,40.650999999999996,2.522,1.151,4.489,1.8419,Low fat yogurt,6.78,8.26,0
5.726,4.918,41.251999999999995,2.616,0.9790000000000001,4.578,1.2631,Low fat yogurt,8.25,9.61,0
5.3870000000000005,5.452999999999999,41.071999999999996,2.5069999999999997,1.1,4.519,1.6658,Low fat yogurt,9.15,9.04,0
4.484,4.501,40.719,2.695,0.983,4.566,1.9907,Low fat yogurt,7.55,7.52,0
4.853,5.756,40.336,2.4730000000000003,0.993,4.518,1.1808,Low fat yogurt,9.66,8.14,0
4.805,4.275,40.58,2.648,1.022,4.515,1.0278,Non fat yogurt,7.17,8.06,1
5.144,4.7330000000000005,40.315,2.635,1.023,4.492,1.7614,Low fat yogurt,7.94,8.63,0
4.218,5.899,40.143,2.693,1.0170000000000001,4.4319999999999995,3.6413,Regular yogurt,9.9,7.08,2
5.565,5.626,40.73,2.47,1.1520000000000001,4.6,1.7626,Low fat yogurt,9.44,9.34,0
5.098,5.657,40.757,2.481,0.9590000000000001,4.463,3.5611,Regular yogurt,9.49,8.55,2
5.853,5.355,40.63,2.625,1.075,4.47,3.2506,Regular yogurt,8.98,9.82,2
4.546,5.0280000000000005,41.458,2.6289999999999996,0.951,4.486000000000001,3.7869,Regular yogurt,8.44,7.63,2
5.709,5.926,40.376,2.468,1.102,4.559,3.2889,Regular yogurt,9.94,9.58,2
4.663,4.245,41.977,2.425,1.008,4.408,1.4575,Low fat yogurt,7.12,7.82,0
4.901,5.932,41.093999999999994,2.595,1.038,4.5089999999999995,2.1534,Low fat yogurt,9.95,8.22,0
4.42,5.466,41.608000000000004,2.546,1.11,4.501,2.0439,Low fat yogurt,9.17,7.42,0
5.349,4.699,41.178999999999995,2.437,1.139,4.516,3.969,Regular yogurt,7.88,8.97,2
5.205,4.967,40.03,2.499,1.0190000000000001,4.433,3.6767,Regular yogurt,8.33,8.73,2
4.515,5.327000000000001,40.022,2.677,0.977,4.4,1.0175,Non fat yogurt,8.94,7.57,1
5.667999999999999,5.376,40.923,2.502,1.0759999999999998,4.539,3.1414,Low fat yogurt,9.02,9.51,0
4.346,4.12,41.238,2.483,1.011,4.473,3.4881,Regular yogurt,6.91,7.29,2
5.836,4.52,40.424,2.425,1.002,4.522,2.4288,Low fat yogurt,7.58,9.79,0
5.5920000000000005,5.109,41.103,2.6639999999999997,1.117,4.485,2.4991,Low fat yogurt,8.57,9.38,0
5.756,5.769,40.285,2.498,1.178,4.474,1.1388,Low fat yogurt,9.68,9.66,0
4.02,5.575,41.218999999999994,2.5989999999999998,1.074,4.593,3.4843,Regular yogurt,9.35,6.74,2
4.147,4.996,40.035,2.688,1.155,4.467,2.1415,Low fat yogurt,8.38,6.96,0
4.643,5.843,41.948,2.414,1.02,4.529,2.4606,Low fat yogurt,9.8,7.79,0
4.974,4.876,41.036,2.528,1.101,4.492,1.7643,Low fat yogurt,8.18,8.34,0
5.354,4.034,41.165,2.695,0.955,4.558,3.0848,Low fat yogurt,6.77,8.98,0
5.0969999999999995,5.1579999999999995,40.061,2.5069999999999997,1.001,4.466,1.8937,Low fat yogurt,8.65,8.55,0
4.0169999999999995,5.832999999999999,40.922,2.6189999999999998,1.097,4.445,3.5439999999999996,Regular yogurt,9.79,6.74,2
4.672,4.104,41.00899999999999,2.465,1.025,4.562,1.9642,Low fat yogurt,6.89,7.84,0
5.16,5.715,41.251999999999995,2.5580000000000003,1.1179999999999999,4.564,1.5235,Low fat yogurt,9.59,8.66,0
5.766,4.879,41.832,2.412,1.035,4.558,1.5313,Low fat yogurt,8.19,9.67,0
5.341,5.819,40.649,2.456,0.965,4.552,2.639,Low fat yogurt,9.76,8.96,0
4.447,5.496,40.115,2.696,1.176,4.426,3.5885,Regular yogurt,9.22,7.46,2
5.829,5.75,40.992,2.572,1.15,4.5169999999999995,2.7542,Low fat yogurt,9.65,9.78,0
5.172000000000001,5.394,40.924,2.491,1.149,4.48,3.4732,Regular yogurt,9.05,8.68,2
5.154,4.169,41.964,2.4859999999999998,1.023,4.479,3.2289,Low fat yogurt,6.99,8.65,0
4.501,5.997999999999999,41.995,2.5669999999999997,1.004,4.455,1.0641,Non fat yogurt,10.06,7.55,1
4.747,5.507000000000001,40.946999999999996,2.51,1.0859999999999999,4.445,3.1668,Low fat yogurt,9.24,7.96,0
5.142,4.909,40.359,2.513,1.0,4.402,2.9302,Low fat yogurt,8.24,8.63,0
5.688,5.513,40.243,2.4130000000000003,1.068,4.4510000000000005,1.1046,Low fat yogurt,9.25,9.54,0
5.627999999999999,5.325,41.427,2.426,1.128,4.454,1.3019999999999998,Low fat yogurt,8.93,9.44,0
5.322,4.592,40.893,2.5780000000000003,1.172,4.446000000000001,3.6549,Regular yogurt,7.7,8.93,2
4.137,5.149,40.662,2.431,1.153,4.524,2.8817,Low fat yogurt,8.64,6.94,0
5.504,5.071000000000001,40.496,2.545,1.023,4.426,1.0198,Non fat yogurt,8.51,9.23,1
4.808,5.789,41.06,2.6510000000000002,1.104,4.497,2.6189999999999998,Low fat yogurt,9.71,8.07,0
5.209,5.132000000000001,41.035,2.412,1.013,4.553,1.7262,Low fat yogurt,8.61,8.74,0
4.176,5.519,40.334,2.415,0.9840000000000001,4.548,2.4549,Low fat yogurt,9.26,7.01,0
4.4239999999999995,5.586,41.725,2.497,1.1640000000000001,4.446000000000001,2.5963,Low fat yogurt,9.37,7.42,0
5.629,5.905,41.963,2.6319999999999997,1.013,4.5569999999999995,2.5357,Low fat yogurt,9.91,9.44,0
4.9510000000000005,5.871,41.843,2.42,0.973,4.477,1.6861,Low fat yogurt,9.85,8.31,0
5.319,4.172,41.339,2.515,0.973,4.5889999999999995,2.3609999999999998,Low fat yogurt,7.0,8.92,0
4.262,5.282,40.012,2.5340000000000003,1.114,4.506,2.8344,Low fat yogurt,8.86,7.15,0
5.782,5.043,41.388999999999996,2.6519999999999997,0.992,4.4510000000000005,3.0396,Low fat yogurt,8.46,9.7,0
4.086,4.9030000000000005,41.833999999999996,2.516,1.0170000000000001,4.551,1.1906,Low fat yogurt,8.23,6.86,0
5.859,5.847,41.443999999999996,2.68,1.125,4.583,3.7756,Regular yogurt,9.81,9.83,2
4.064,4.047,41.184,2.673,0.9640000000000001,4.5360000000000005,2.5305,Low fat yogurt,6.79,6.82,0
5.996,5.297000000000001,41.416000000000004,2.515,0.9740000000000001,4.4639999999999995,1.1919,Low fat yogurt,8.89,10.06,0
4.923,5.392,41.913000000000004,2.67,0.96,4.446000000000001,1.3987,Low fat yogurt,9.05,8.26,0
4.772,4.454,41.428999999999995,2.512,0.9890000000000001,4.562,3.0894,Low fat yogurt,7.47,8.01,0
4.599,5.561,41.192,2.61,0.971,4.571000000000001,2.1732,Low fat yogurt,9.33,7.72,0
4.9110000000000005,5.763999999999999,41.083,2.6910000000000003,0.951,4.434,1.6429,Low fat yogurt,9.67,8.24,0
4.039,4.915,40.577,2.476,0.995,4.511,3.8391,Regular yogurt,8.25,6.78,2
5.319,4.112,40.783,2.432,1.186,4.404,3.3226,Regular yogurt,6.9,8.92,2
4.833,4.107,41.67,2.661,1.1,4.497,1.2424,Low fat yogurt,6.89,8.11,0
4.695,4.519,40.001,2.571,1.011,4.487,1.9058,Low fat yogurt,7.58,7.88,0
4.27,5.26,40.292,2.452,1.071,4.585,1.6909,Low fat yogurt,8.82,7.16,0
5.497000000000001,4.406000000000001,40.584,2.541,1.0190000000000001,4.542,1.2738,Low fat yogurt,7.39,9.22,0
4.032,4.447,41.556999999999995,2.435,0.981,4.599,2.3155,Low fat yogurt,7.46,6.76,0
5.7989999999999995,5.225,41.364,2.596,1.0590000000000002,4.49,1.8325,Low fat yogurt,8.77,9.73,0
4.9430000000000005,5.805,41.23,2.47,1.19,4.578,3.0525,Low fat yogurt,9.74,8.29,0
4.899,4.727,41.876000000000005,2.404,1.115,4.447,3.0883,Low fat yogurt,7.93,8.22,0
4.192,5.102,41.457,2.553,1.123,4.571000000000001,1.3454,Low fat yogurt,8.56,7.03,0
5.564,4.9030000000000005,41.733999999999995,2.6289999999999996,0.9790000000000001,4.541,1.733,Low fat yogurt,8.23,9.33,0
4.075,4.187,41.523,2.421,1.168,4.6,3.1812,Low fat yogurt,7.02,6.84,0
4.563,4.9030000000000005,41.336999999999996,2.404,1.05,4.56,3.2257,Low fat yogurt,8.23,7.66,0
5.98,5.474,40.986999999999995,2.568,0.961,4.4319999999999995,1.5557,Low fat yogurt,9.18,10.03,0
4.605,5.945,40.294000000000004,2.5989999999999998,1.124,4.476,1.7380000000000002,Low fat yogurt,9.97,7.73,0
4.961,4.0280000000000005,40.204,2.555,1.189,4.419,2.0058,Low fat yogurt,6.76,8.32,0
5.306,4.428999999999999,41.172,2.546,1.089,4.445,2.0915,Low fat yogurt,7.43,8.9,0
5.9510000000000005,5.617000000000001,41.251999999999995,2.4859999999999998,1.139,4.531000000000001,2.655,Low fat yogurt,9.42,9.98,0
4.909,4.269,40.771,2.58,1.123,4.493,1.219,Low fat yogurt,7.16,8.24,0
5.934,5.2170000000000005,41.105,2.6510000000000002,1.0490000000000002,4.409,2.5366,Low fat yogurt,8.75,9.96,0
4.873,4.136,41.542,2.479,1.1740000000000002,4.569,3.2226,Low fat yogurt,6.94,8.18,0
5.9879999999999995,5.218999999999999,41.128,2.66,1.024,4.473,2.3302,Low fat yogurt,8.76,10.05,0
5.666,5.327000000000001,41.333999999999996,2.472,0.961,4.596,3.0956,Low fat yogurt,8.94,9.51,0
5.56,5.242000000000001,41.108000000000004,2.612,1.172,4.55,2.8911,Low fat yogurt,8.79,9.33,0
4.829,4.65,41.481,2.551,0.995,4.599,3.0812,Low fat yogurt,7.8,8.1,0
5.277,4.209,40.859,2.4330000000000003,0.9890000000000001,4.596,1.2072,Low fat yogurt,7.06,8.85,0
5.374,5.078,40.792,2.5839999999999996,0.9740000000000001,4.592,3.4088,Regular yogurt,8.52,9.02,2
4.821000000000001,5.257999999999999,40.243,2.591,1.033,4.592,1.2559,Low fat yogurt,8.82,8.09,0
5.997999999999999,4.8469999999999995,40.978,2.434,1.097,4.477,1.7356,Low fat yogurt,8.13,10.06,0
4.348,4.368,40.881,2.485,1.002,4.433,2.1906,Low fat yogurt,7.33,7.29,0
5.002,4.53,41.17100000000001,2.674,0.98,4.4830000000000005,2.4574,Low fat yogurt,7.6,8.39,0
5.056,5.377000000000001,40.628,2.458,1.001,4.571000000000001,1.1442,Low fat yogurt,9.02,8.48,0
5.882999999999999,5.336,40.008,2.508,0.963,4.474,2.7848,Low fat yogurt,8.95,9.87,0
4.62,5.914,41.448,2.612,1.123,4.567,3.1275,Low fat yogurt,9.92,7.75,0
5.71,5.775,40.676,2.661,1.111,4.421,1.08,Non fat yogurt,9.69,9.58,1
4.957,5.955,40.467,2.5789999999999997,1.092,4.422,2.2006,Low fat yogurt,9.99,8.32,0
5.888,5.25,40.507,2.423,1.15,4.428999999999999,1.7387,Low fat yogurt,8.81,9.88,0
5.99,4.914,40.423,2.451,1.138,4.555,2.4682,Low fat yogurt,8.24,10.05,0
5.069,4.655,41.353,2.627,1.068,4.417,2.4993,Low fat yogurt,7.81,8.5,0
5.441,5.626,40.168,2.4419999999999997,1.045,4.521,1.8926,Low fat yogurt,9.44,9.13,0
5.898,4.32,40.086,2.69,1.113,4.5089999999999995,2.5936,Low fat yogurt,7.25,9.9,0
5.18,5.1160000000000005,40.152,2.501,1.168,4.566,1.9503,Low fat yogurt,8.58,8.69,0
4.9510000000000005,4.4639999999999995,40.959,2.4819999999999998,0.972,4.5280000000000005,2.9749,Low fat yogurt,7.49,8.31,0
4.196000000000001,4.58,41.55,2.478,1.091,4.534,1.4756,Low fat yogurt,7.68,7.04,0
4.309,5.148,40.774,2.421,1.179,4.587,1.1404,Low fat yogurt,8.64,7.23,0
5.915,4.376,40.4,2.62,1.136,4.481,1.4372,Low fat yogurt,7.34,9.92,0
5.125,5.058,40.465,2.4330000000000003,1.046,4.586,3.1501,Low fat yogurt,8.49,8.6,0
5.8389999999999995,4.976,41.047,2.656,1.125,4.492,1.1736,Low fat yogurt,8.35,9.8,0
5.502999999999999,5.0969999999999995,41.381,2.4930000000000003,1.097,4.553999999999999,1.5375,Low fat yogurt,8.55,9.23,0
4.086,5.499,41.672,2.679,0.991,4.406000000000001,3.9184,Regular yogurt,9.23,6.86,2
4.434,5.364,40.435,2.5839999999999996,1.167,4.4319999999999995,3.463,Regular yogurt,9.0,7.44,2
5.861000000000001,5.282,40.979,2.55,1.047,4.431,2.0794,Low fat yogurt,8.86,9.83,0
5.367000000000001,5.3839999999999995,41.747,2.537,0.971,4.416,2.7061,Low fat yogurt,9.03,9.0,0
5.941,5.606,40.658,2.563,1.109,4.563,3.1916,Low fat yogurt,9.41,9.97,0
4.784,5.367999999999999,41.435,2.582,1.081,4.592,1.2019,Low fat yogurt,9.01,8.03,0
4.606,4.3260000000000005,41.715,2.641,1.043,4.5489999999999995,3.0125,Low fat yogurt,7.26,7.73,0
4.402,5.997999999999999,41.486000000000004,2.53,1.153,4.541,1.8527,Low fat yogurt,10.06,7.39,0
5.178,5.794,40.7,2.475,1.0390000000000001,4.5169999999999995,3.6975,Regular yogurt,9.72,8.69,2
4.131,5.916,40.375,2.6189999999999998,1.179,4.5280000000000005,3.977,Regular yogurt,9.93,6.93,2
5.894,4.563,40.875,2.593,1.167,4.497,3.3574,Regular yogurt,7.66,9.89,2
5.069,4.0089999999999995,41.028999999999996,2.661,0.9670000000000001,4.434,1.9553,Low fat yogurt,6.73,8.5,0
5.902,5.45,41.378,2.415,0.9990000000000001,4.546,3.7139,Regular yogurt,9.14,9.9,2
5.534,4.7989999999999995,41.348,2.489,1.181,4.465,3.8214,Regular yogurt,8.05,9.28,2
4.825,4.39,41.028999999999996,2.448,1.1840000000000002,4.492,3.3657,Regular yogurt,7.37,8.1,2
5.4110000000000005,5.704,41.644,2.6430000000000002,1.023,4.41,2.29,Low fat yogurt,9.57,9.08,0
4.902,4.19,41.606,2.5580000000000003,1.012,4.507,1.7767,Low fat yogurt,7.03,8.22,0
5.004,4.803999999999999,40.514,2.6439999999999997,0.951,4.478,1.213,Low fat yogurt,8.06,8.4,0
4.013,5.542000000000001,40.373000000000005,2.628,0.953,4.513999999999999,1.7699,Low fat yogurt,9.3,6.73,0
4.716,4.963,40.025999999999996,2.487,1.128,4.495,1.44,Low fat yogurt,8.33,7.91,0
5.947,4.255,40.435,2.529,1.069,4.4830000000000005,3.5144,Regular yogurt,7.14,9.98,2
5.166,4.372,40.873000000000005,2.58,1.0170000000000001,4.4030000000000005,3.3298,Regular yogurt,7.33,8.67,2
5.197,4.215,40.545,2.502,1.117,4.462,1.1368,Low fat yogurt,7.07,8.72,0
4.055,5.164,41.403,2.407,1.114,4.55,1.2199,Low fat yogurt,8.66,6.8,0
4.683,5.6979999999999995,41.681999999999995,2.67,1.001,4.577,3.8438,Regular yogurt,9.56,7.86,2
5.6,5.845,41.431000000000004,2.677,0.995,4.402,1.3052,Low fat yogurt,9.81,9.4,0
5.0569999999999995,4.085,40.325,2.647,1.109,4.572,1.1191,Low fat yogurt,6.85,8.48,0
4.776,4.603,41.409,2.634,0.985,4.593,1.6322,Low fat yogurt,7.72,8.01,0
4.102,4.281000000000001,40.054,2.412,0.986,4.404,1.0452,Non fat yogurt,7.18,6.88,1
4.1339999999999995,5.675,40.777,2.4730000000000003,1.031,4.5969999999999995,1.4874,Low fat yogurt,9.52,6.94,0
5.343999999999999,5.9110000000000005,41.258,2.444,1.0270000000000001,4.566,1.7048,Low fat yogurt,9.92,8.97,0
4.93,4.365,41.163999999999994,2.559,0.971,4.5680000000000005,1.6188,Low fat yogurt,7.32,8.27,0
5.023,4.5969999999999995,41.294,2.4019999999999997,1.028,4.521,2.674,Low fat yogurt,7.71,8.43,0
4.0969999999999995,4.3469999999999995,40.108000000000004,2.613,1.077,4.428,3.7254,Regular yogurt,7.29,6.87,2
4.8180000000000005,4.168,40.226,2.424,1.183,4.561,1.2282,Low fat yogurt,6.99,8.08,0
5.1080000000000005,5.577000000000001,40.641,2.411,1.183,4.419,1.8739,Low fat yogurt,9.36,8.57,0
4.117,5.807,41.165,2.611,1.131,4.455,2.3201,Low fat yogurt,9.74,6.91,0
5.797999999999999,4.468,40.317,2.67,1.008,4.499,1.8708,Low fat yogurt,7.5,9.73,0
5.926,4.777,41.016000000000005,2.435,1.089,4.526,2.6384,Low fat yogurt,8.01,9.94,0
4.45,5.854,41.975,2.6010000000000004,1.0090000000000001,4.462,3.2437,Low fat yogurt,9.82,7.47,0
4.547,4.485,41.335,2.6319999999999997,1.099,4.428999999999999,3.5271,Regular yogurt,7.52,7.63,2
4.918,5.377000000000001,41.013999999999996,2.612,1.161,4.5360000000000005,3.7416,Regular yogurt,9.02,8.25,2
5.702999999999999,4.109,40.83,2.427,1.0270000000000001,4.439,3.3548,Regular yogurt,6.89,9.57,2
4.6530000000000005,4.831,40.199,2.657,1.043,4.571000000000001,3.3712,Regular yogurt,8.11,7.81,2
5.004,5.837000000000001,40.763000000000005,2.6639999999999997,1.149,4.447,2.3473,Low fat yogurt,9.79,8.4,0
5.862,4.962,40.458,2.539,1.097,4.534,2.3961,Low fat yogurt,8.32,9.83,0
5.598,5.912999999999999,40.641999999999996,2.576,1.129,4.412,1.2739,Low fat yogurt,9.92,9.39,0
5.312,4.583,40.39,2.526,0.998,4.541,2.4628,Low fat yogurt,7.69,8.91,0
4.1,5.702999999999999,40.852,2.5580000000000003,0.9620000000000001,4.595,3.1699,Low fat yogurt,9.57,6.88,0
4.873,5.653,40.894,2.496,1.053,4.41,1.9280000000000002,Low fat yogurt,9.48,8.18,0
5.119,5.827999999999999,41.945,2.617,1.065,4.541,3.7493,Regular yogurt,9.78,8.59,2
4.919,5.564,40.434,2.423,1.1740000000000002,4.506,1.6869,Low fat yogurt,9.33,8.25,0
5.275,5.593999999999999,41.176,2.693,1.119,4.598,3.7301,Regular yogurt,9.39,8.85,2
5.257999999999999,5.519,41.218999999999994,2.483,1.048,4.474,1.1693,Low fat yogurt,9.26,8.82,0
5.586,4.588,40.393,2.609,1.1179999999999999,4.444,2.2044,Low fat yogurt,7.7,9.37,0
5.965,5.818,41.026,2.42,1.126,4.501,2.6961,Low fat yogurt,9.76,10.01,0
5.335,5.216,40.196,2.65,1.038,4.587,1.5945,Low fat yogurt,8.75,8.95,0
5.078,5.301,40.479,2.501,1.061,4.513,2.5355,Low fat yogurt,8.89,8.52,0
5.622999999999999,4.6160000000000005,41.945,2.6,1.068,4.42,2.7431,Low fat yogurt,7.74,9.43,0
4.473,4.391,41.643,2.694,1.015,4.537,1.9422,Low fat yogurt,7.37,7.5,0
5.619,4.39,41.919,2.415,1.043,4.4719999999999995,3.1887,Low fat yogurt,7.37,9.43,0
5.178,4.441,40.607,2.447,1.044,4.492,3.3106,Regular yogurt,7.45,8.69,2
5.204,4.856,40.941,2.682,1.0270000000000001,4.516,2.2431,Low fat yogurt,8.15,8.73,0
5.371,4.926,40.108000000000004,2.464,1.052,4.564,3.9846,Regular yogurt,8.26,9.01,2
4.92,5.682,40.672,2.408,1.083,4.596,3.4798,Regular yogurt,9.53,8.25,2
4.659,4.676,40.652,2.6210000000000004,1.02,4.505,3.737,Regular yogurt,7.85,7.82,2
5.875,4.433,40.497,2.519,1.1,4.423,3.1166,Low fat yogurt,7.44,9.86,0
4.287,4.713,41.256,2.673,1.16,4.412,2.2247,Low fat yogurt,7.91,7.19,0
5.473,4.268,41.968999999999994,2.648,1.005,4.5760000000000005,2.3963,Low fat yogurt,7.16,9.18,0
5.4270000000000005,5.776,41.233000000000004,2.403,1.1440000000000001,4.581,2.6481,Low fat yogurt,9.69,9.1,0
4.649,5.0,41.113,2.6630000000000003,1.05,4.452,2.0347,Low fat yogurt,8.39,7.8,0
5.652,5.337999999999999,41.681999999999995,2.6519999999999997,0.99,4.4319999999999995,2.6761,Low fat yogurt,8.96,9.48,0
5.297999999999999,4.502,41.39,2.628,1.148,4.4830000000000005,1.2294,Low fat yogurt,7.55,8.89,0
4.325,4.548,40.705,2.479,1.088,4.561,2.9478,Low fat yogurt,7.63,7.26,0
4.931,4.606,40.492,2.4,1.058,4.596,3.1086,Low fat yogurt,7.73,8.27,0
4.493,5.101,40.018,2.458,0.983,4.5889999999999995,1.4903,Low fat yogurt,8.56,7.54,0
5.062,4.289,41.792,2.511,0.99,4.487,3.6768,Regular yogurt,7.2,8.49,2
5.12,4.362,41.031000000000006,2.594,1.012,4.592,2.657,Low fat yogurt,7.32,8.59,0
4.061,5.5089999999999995,41.093,2.524,1.037,4.419,1.0049,Non fat yogurt,9.24,6.81,1
5.016,4.178999999999999,41.328,2.5540000000000003,1.157,4.565,3.4513,Regular yogurt,7.01,8.42,2
5.981,4.504,41.676,2.444,1.0759999999999998,4.425,2.8710000000000004,Low fat yogurt,7.56,10.03,0
4.418,4.766,41.665,2.576,1.006,4.523,3.8572,Regular yogurt,8.0,7.41,2
4.849,5.939,41.159,2.608,1.043,4.533,3.1005,Low fat yogurt,9.96,8.14,0
4.1160000000000005,5.849,41.151,2.426,0.9890000000000001,4.504,3.7071,Regular yogurt,9.81,6.91,2
5.025,4.513999999999999,40.499,2.656,1.1740000000000002,4.488,1.6501,Low fat yogurt,7.57,8.43,0
5.2829999999999995,5.102,41.33,2.562,0.982,4.553999999999999,3.4817,Regular yogurt,8.56,8.86,2
5.456,5.619,40.192,2.509,0.986,4.46,2.0304,Low fat yogurt,9.43,9.15,0
5.002,4.176,40.921,2.431,1.051,4.419,2.8212,Low fat yogurt,7.01,8.39,0
5.421,4.619,40.325,2.436,1.179,4.474,2.0967,Low fat yogurt,7.75,9.09,0
5.492000000000001,5.278,40.888000000000005,2.612,1.1420000000000001,4.595,3.1612,Low fat yogurt,8.86,9.21,0
4.819,5.656000000000001,40.778,2.419,1.085,4.4030000000000005,1.2109,Low fat yogurt,9.49,8.08,0
5.478,5.409,40.57,2.677,1.001,4.426,1.3574,Low fat yogurt,9.07,9.19,0
4.9,4.801,40.945,2.46,1.127,4.401,1.922,Low fat yogurt,8.05,8.22,0
5.065,4.237,41.313,2.575,1.042,4.488,2.51,Low fat yogurt,7.11,8.5,0
5.242999999999999,5.725,40.585,2.628,1.173,4.48,3.5506,Regular yogurt,9.6,8.8,2
4.336,4.234,40.729,2.4819999999999998,1.136,4.551,2.4118,Low fat yogurt,7.1,7.27,0
5.888,4.287,40.864000000000004,2.6830000000000003,1.143,4.553999999999999,3.7087,Regular yogurt,7.19,9.88,2
5.05,5.3,41.597,2.5,1.111,4.434,3.9535,Regular yogurt,8.89,8.47,2
4.977,4.1930000000000005,40.872,2.519,1.166,4.478,1.8168,Low fat yogurt,7.03,8.35,0
4.931,5.5920000000000005,41.691,2.546,0.987,4.416,2.7822,Low fat yogurt,9.38,8.27,0
5.3389999999999995,4.463,40.475,2.593,1.088,4.426,1.0184,Non fat yogurt,7.49,8.96,1
4.254,5.337999999999999,40.650999999999996,2.63,1.1540000000000001,4.556,3.1151,Low fat yogurt,8.96,7.14,0
5.075,4.388,41.431000000000004,2.458,0.982,4.511,3.1585,Low fat yogurt,7.36,8.51,0
4.852,5.397,41.184,2.693,1.003,4.522,1.7288,Low fat yogurt,9.05,8.14,0
4.718999999999999,4.36,40.626,2.59,1.136,4.4510000000000005,3.2977,Regular yogurt,7.31,7.92,2
4.35,5.934,40.128,2.697,1.094,4.492,1.7868,Low fat yogurt,9.96,7.3,0
5.546,4.107,40.547,2.478,1.023,4.413,1.6382,Low fat yogurt,6.89,9.3,0
4.747,4.056,41.504,2.575,1.083,4.59,2.637,Low fat yogurt,6.8,7.96,0
5.421,5.7589999999999995,41.519,2.5989999999999998,1.0490000000000002,4.446000000000001,2.1925,Low fat yogurt,9.66,9.09,0
5.193,4.954,41.349,2.52,1.078,4.484,3.4729,Regular yogurt,8.31,8.71,2
5.485,4.896,40.299,2.611,1.167,4.558,3.2404,Low fat yogurt,8.21,9.2,0
4.191,5.245,40.165,2.414,1.1159999999999999,4.571000000000001,2.173,Low fat yogurt,8.8,7.03,0
4.468,5.225,41.96,2.6260000000000003,1.133,4.473,1.5763,Low fat yogurt,8.77,7.5,0
4.5680000000000005,4.7989999999999995,40.698,2.445,0.997,4.425,3.8552,Regular yogurt,8.05,7.66,2
5.835,4.0889999999999995,40.871,2.556,1.079,4.582,1.9619,Low fat yogurt,6.86,9.79,0
5.811,5.4510000000000005,41.052,2.423,0.953,4.519,3.1791,Low fat yogurt,9.15,9.75,0
4.69,5.367000000000001,40.391999999999996,2.609,1.001,4.497,2.3774,Low fat yogurt,9.0,7.87,0
5.56,5.4239999999999995,40.688,2.611,1.04,4.506,1.1364,Low fat yogurt,9.1,9.33,0
5.195,5.919,40.435,2.675,1.01,4.543,2.1073,Low fat yogurt,9.93,8.72,0
5.145,5.973,41.763000000000005,2.694,0.956,4.507,2.5122,Low fat yogurt,10.02,8.63,0
4.97,4.433,40.452,2.603,0.997,4.551,1.6978,Low fat yogurt,7.44,8.34,0
5.218,4.591,41.898,2.544,0.965,4.556,1.9019,Low fat yogurt,7.7,8.75,0
4.038,4.9510000000000005,41.666000000000004,2.614,1.046,4.461,1.9031,Low fat yogurt,8.31,6.77,0
4.071000000000001,4.128,41.897,2.492,1.046,4.441,1.7222,Low fat yogurt,6.93,6.83,0
4.171,5.098,40.853,2.418,1.002,4.458,1.3507,Low fat yogurt,8.55,7.0,0
5.31,5.67,40.175,2.5140000000000002,0.985,4.412,3.2446,Low fat yogurt,9.51,8.91,0
5.81,4.387,41.961000000000006,2.449,1.171,4.535,2.1098,Low fat yogurt,7.36,9.75,0
5.0889999999999995,5.893,40.384,2.508,0.96,4.497,1.9111,Low fat yogurt,9.89,8.54,0
4.795,5.235,40.275,2.673,0.981,4.497,3.6262,Regular yogurt,8.78,8.04,2
5.733,4.1,41.593,2.4530000000000003,1.023,4.471,3.5947,Regular yogurt,6.88,9.62,2
5.046,5.428,41.606,2.63,1.082,4.406000000000001,3.5186,Regular yogurt,9.11,8.47,2
4.2589999999999995,5.715,40.931,2.5860000000000003,1.0859999999999999,4.45,2.2473,Low fat yogurt,9.59,7.15,0
4.635,4.86,40.203,2.5839999999999996,0.973,4.572,3.5967,Regular yogurt,8.15,7.78,2
4.37,5.6129999999999995,40.164,2.615,0.972,4.581,1.4007,Low fat yogurt,9.42,7.33,0
4.175,5.907,40.201,2.48,1.129,4.563,1.6887,Low fat yogurt,9.91,7.0,0
4.833,5.8870000000000005,41.715,2.487,1.124,4.503,2.1086,Low fat yogurt,9.88,8.11,0
4.689,4.821000000000001,40.839,2.56,1.105,4.43,1.1539,Low fat yogurt,8.09,7.87,0
5.8020000000000005,5.412000000000001,41.638999999999996,2.6,1.178,4.494,1.105,Low fat yogurt,9.08,9.73,0
4.246,5.148,41.315,2.654,1.166,4.467,1.4642,Low fat yogurt,8.64,7.12,0
4.035,5.48,40.165,2.495,0.977,4.523,2.0128,Low fat yogurt,9.19,6.77,0
4.383,5.101,41.931000000000004,2.5469999999999997,1.145,4.552,3.1652,Low fat yogurt,8.56,7.35,0
5.942,5.7139999999999995,40.864000000000004,2.48,1.177,4.5,1.8211,Low fat yogurt,9.59,9.97,0
5.037,5.0489999999999995,40.293,2.5180000000000002,1.123,4.439,1.3497,Low fat yogurt,8.47,8.45,0
5.556,4.662,41.79,2.416,1.112,4.505,1.76,Low fat yogurt,7.82,9.32,0
5.0569999999999995,5.917000000000001,41.86,2.503,1.082,4.445,1.1672,Low fat yogurt,9.93,8.48,0
5.189,4.691,41.318999999999996,2.492,1.088,4.476,3.3560000000000003,Regular yogurt,7.87,8.71,2
5.847,4.755,40.735,2.608,0.985,4.555,3.2949,Regular yogurt,7.98,9.81,2
5.992000000000001,4.103,40.964,2.5180000000000002,0.9640000000000001,4.504,1.1738,Low fat yogurt,6.88,10.05,0
4.365,5.667999999999999,40.241,2.639,1.044,4.5569999999999995,3.7128,Regular yogurt,9.51,7.32,2
5.042,4.3839999999999995,41.42,2.5989999999999998,1.014,4.404,3.194,Low fat yogurt,7.36,8.46,0
5.638999999999999,4.393,41.881,2.516,0.993,4.492,1.9018,Low fat yogurt,7.37,9.46,0
5.2620000000000005,4.083,40.798,2.682,0.971,4.572,2.6932,Low fat yogurt,6.85,8.83,0
4.496,5.555,41.17,2.505,1.04,4.457,1.2009999999999998,Low fat yogurt,9.32,7.54,0
5.664,5.53,41.34,2.5839999999999996,1.151,4.525,3.7755,Regular yogurt,9.28,9.5,2
5.33,4.365,41.735,2.574,1.091,4.47,1.7753,Low fat yogurt,7.32,8.94,0
4.97,5.895,40.059,2.495,1.095,4.599,3.2959,Regular yogurt,9.89,8.34,2
5.018,4.399,41.848,2.504,1.054,4.515,3.5263,Regular yogurt,7.38,8.42,2
4.45,5.99,40.198,2.6260000000000003,1.0070000000000001,4.516,3.9695,Regular yogurt,10.05,7.47,2
4.737,5.277,41.925,2.6689999999999996,1.189,4.547,3.1131,Low fat yogurt,8.85,7.95,0
4.561,5.445,40.396,2.693,1.1059999999999999,4.467,2.9429,Low fat yogurt,9.14,7.65,0
5.882000000000001,5.032,40.19,2.681,1.092,4.573,3.0662,Low fat yogurt,8.44,9.87,0
5.307,4.143,40.966,2.525,0.966,4.555,3.0708,Low fat yogurt,6.95,8.9,0
4.232,4.271,41.851000000000006,2.645,1.008,4.505,2.1118,Low fat yogurt,7.17,7.1,0
4.797,5.1579999999999995,40.344,2.596,1.143,4.413,1.675,Low fat yogurt,8.65,8.05,0
5.395,4.688,41.993,2.5180000000000002,1.04,4.455,3.3959,Regular yogurt,7.87,9.05,2
5.976,4.848,41.037,2.469,1.1320000000000001,4.456,2.465,Low fat yogurt,8.13,10.03,0
4.936,4.718999999999999,41.541000000000004,2.653,1.129,4.562,3.7804,Regular yogurt,7.92,8.28,2
5.031000000000001,5.152,41.248999999999995,2.595,1.036,4.427,1.76,Low fat yogurt,8.64,8.44,0
4.457,5.112,41.365,2.678,1.187,4.5760000000000005,1.5032,Low fat yogurt,8.58,7.48,0
5.912000000000001,4.522,40.245,2.545,0.973,4.5969999999999995,1.5965,Low fat yogurt,7.59,9.92,0
4.9830000000000005,5.876,41.633,2.6889999999999996,1.1540000000000001,4.583,3.3408,Regular yogurt,9.86,8.36,2
5.777,5.746,41.549,2.535,1.0190000000000001,4.448,1.4212,Low fat yogurt,9.64,9.69,0
5.61,4.079,40.088,2.428,0.9740000000000001,4.48,3.3714,Regular yogurt,6.84,9.41,2
5.687,4.275,41.881,2.435,1.015,4.4239999999999995,2.665,Low fat yogurt,7.17,9.54,0
5.136,4.936,40.325,2.559,1.02,4.458,3.8992,Regular yogurt,8.28,8.62,2
4.275,5.874,41.591,2.5669999999999997,1.089,4.493,2.3873,Low fat yogurt,9.85,7.17,0
5.39,4.455,40.961000000000006,2.622,1.178,4.4719999999999995,2.2132,Low fat yogurt,7.47,9.04,0
5.183,5.922000000000001,41.393,2.475,1.097,4.586,2.1352,Low fat yogurt,9.94,8.7,0
4.412,4.187,40.835,2.697,1.111,4.57,1.1419,Low fat yogurt,7.02,7.4,0
4.229,5.809,40.17,2.423,1.068,4.433,3.3869,Regular yogurt,9.75,7.1,2
4.02,4.7780000000000005,41.083,2.491,0.972,4.423,2.24,Low fat yogurt,8.02,6.74,0
5.178,4.438,41.946000000000005,2.428,1.089,4.449,3.8296,Regular yogurt,7.45,8.69,2
4.317,4.593999999999999,40.311,2.509,0.9690000000000001,4.455,2.4803,Low fat yogurt,7.71,7.24,0
5.736000000000001,5.985,41.283,2.638,1.033,4.596,2.4512,Low fat yogurt,10.04,9.62,0
4.669,5.331,41.038000000000004,2.628,1.0290000000000001,4.438,1.4813,Low fat yogurt,8.94,7.83,0
5.662000000000001,4.88,40.024,2.4730000000000003,0.973,4.405,3.1432,Low fat yogurt,8.19,9.5,0
5.952999999999999,5.442,41.052,2.6430000000000002,1.0090000000000001,4.45,3.0948,Low fat yogurt,9.13,9.99,0
4.317,5.354,41.688,2.419,1.022,4.498,3.7761,Regular yogurt,8.98,7.24,2
5.723,4.694,40.955,2.6189999999999998,1.1840000000000002,4.581,3.7913,Regular yogurt,7.88,9.6,2
5.117,4.364,41.802,2.537,1.064,4.503,2.2899,Low fat yogurt,7.32,8.58,0
5.523,4.593,40.096,2.645,0.988,4.559,1.464,Low fat yogurt,7.71,9.27,0
5.621,4.94,40.089,2.461,0.9690000000000001,4.477,1.9873,Low fat yogurt,8.29,9.43,0
5.971,5.4239999999999995,40.621,2.533,1.099,4.512,2.1044,Low fat yogurt,9.1,10.02,0
4.946000000000001,4.181,41.63399999999999,2.6839999999999997,1.145,4.48,3.4288,Regular yogurt,7.01,8.3,2
4.417,4.791,40.296,2.485,1.09,4.553999999999999,3.32,Regular yogurt,8.04,7.41,2
5.182,4.31,41.403999999999996,2.6189999999999998,1.122,4.505,1.8764,Low fat yogurt,7.23,8.69,0
5.557,4.833,40.408,2.404,1.073,4.458,1.9117,Low fat yogurt,8.11,9.32,0
4.4830000000000005,5.034,41.269,2.459,1.149,4.44,3.1919999999999997,Low fat yogurt,8.45,7.52,0
5.275,4.744,41.68899999999999,2.412,0.96,4.486000000000001,3.4255,Regular yogurt,7.96,8.85,2
4.1080000000000005,4.5169999999999995,40.625,2.477,1.121,4.571000000000001,2.8513,Low fat yogurt,7.58,6.89,0
4.495,5.529,40.577,2.677,1.015,4.438,2.4831,Low fat yogurt,9.28,7.54,0
4.073,4.942,41.27,2.434,1.109,4.596,2.0591,Low fat yogurt,8.29,6.83,0
4.512,4.606,41.968999999999994,2.417,1.078,4.463,1.0595,Non fat yogurt,7.73,7.57,1
5.247999999999999,4.1739999999999995,41.17,2.576,1.188,4.565,1.4121,Low fat yogurt,7.0,8.8,0
5.524,5.091,40.808,2.5580000000000003,1.111,4.58,3.4267,Regular yogurt,8.54,9.27,2
5.686,4.525,41.195,2.565,1.13,4.48,1.5888,Low fat yogurt,7.59,9.54,0
4.295,4.935,41.16,2.485,0.978,4.468,1.1314,Low fat yogurt,8.28,7.21,0
4.122,5.44,41.94,2.451,1.1640000000000001,4.581,1.0369,Non fat yogurt,9.13,6.92,1
4.5569999999999995,4.053,41.711999999999996,2.536,1.173,4.502,1.369,Low fat yogurt,6.8,7.65,0
4.154,5.367999999999999,41.817,2.44,1.056,4.5680000000000005,1.3426,Low fat yogurt,9.01,6.97,0
5.087,4.211,41.621,2.662,1.0959999999999999,4.42,3.3273,Regular yogurt,7.06,8.53,2
5.181,4.539,41.335,2.425,1.148,4.5280000000000005,2.4607,Low fat yogurt,7.62,8.69,0
5.602,4.28,40.405,2.57,1.1740000000000002,4.406000000000001,3.5037,Regular yogurt,7.18,9.4,2
4.204,4.207,41.431999999999995,2.642,1.189,4.4030000000000005,2.8708,Low fat yogurt,7.06,7.05,0
4.605,4.739,40.728,2.5380000000000003,1.1179999999999999,4.588,2.3887,Low fat yogurt,7.95,7.73,0
5.97,4.749,41.532,2.428,1.011,4.513999999999999,2.8953,Low fat yogurt,7.97,10.02,0
4.371,4.066,40.715,2.695,1.03,4.481,3.6127,Regular yogurt,6.82,7.33,2
4.6819999999999995,4.494,40.388000000000005,2.512,1.187,4.511,2.4076,Low fat yogurt,7.54,7.86,0
5.247000000000001,5.787000000000001,41.663000000000004,2.411,1.111,4.431,3.0621,Low fat yogurt,9.71,8.8,0
5.522,4.414,40.913000000000004,2.6889999999999996,0.995,4.587,1.4429,Low fat yogurt,7.41,9.26,0
4.446000000000001,5.141,40.953,2.602,1.069,4.571000000000001,2.9224,Low fat yogurt,8.63,7.46,0
4.121,5.685,40.891,2.4330000000000003,1.031,4.487,3.6671,Regular yogurt,9.54,6.91,2
5.539,5.771,41.978,2.637,0.9590000000000001,4.5969999999999995,1.3494,Low fat yogurt,9.68,9.29,0
4.813,5.532,41.641000000000005,2.483,1.1640000000000001,4.519,1.7441,Low fat yogurt,9.28,8.07,0
4.937,4.664,41.888999999999996,2.657,0.953,4.516,1.6874,Low fat yogurt,7.82,8.28,0
4.705,5.587000000000001,41.224,2.479,1.05,4.502,1.7281,Low fat yogurt,9.37,7.89,0
5.837999999999999,5.986000000000001,40.576,2.501,0.968,4.4719999999999995,3.3247,Regular yogurt,10.04,9.79,2
4.043,5.582999999999999,40.464,2.638,1.0290000000000001,4.423,2.8293,Low fat yogurt,9.37,6.78,0
4.497,5.26,41.692,2.535,1.06,4.593999999999999,1.5426,Low fat yogurt,8.82,7.54,0
4.6080000000000005,5.2010000000000005,41.232,2.4530000000000003,0.9890000000000001,4.562,1.2781,Low fat yogurt,8.73,7.73,0
5.388,4.745,40.195,2.556,1.051,4.5089999999999995,1.9083,Low fat yogurt,7.96,9.04,0
4.3389999999999995,5.709,40.66,2.489,0.983,4.543,1.3169,Low fat yogurt,9.58,7.28,0
5.22,5.7410000000000005,40.544000000000004,2.625,1.151,4.567,3.502,Regular yogurt,9.63,8.76,2
4.083,5.992999999999999,40.74,2.67,0.951,4.49,2.0128,Low fat yogurt,10.05,6.85,0
4.0489999999999995,5.744,40.801,2.479,1.057,4.425,2.6242,Low fat yogurt,9.64,6.79,0
4.902,5.854,41.202,2.5780000000000003,1.141,4.496,3.9393,Regular yogurt,9.82,8.22,2
5.07,4.9239999999999995,40.03,2.492,1.107,4.511,3.5849,Regular yogurt,8.26,8.51,2
4.177,5.409,40.328,2.485,1.084,4.551,2.4505,Low fat yogurt,9.07,7.01,0
4.623,5.906000000000001,41.202,2.531,1.071,4.406000000000001,3.9810000000000003,Regular yogurt,9.91,7.76,2
4.49,5.334,41.745,2.47,1.06,4.593,3.2984,Regular yogurt,8.95,7.53,2
4.379,4.415,40.106,2.546,1.175,4.43,3.0972,Low fat yogurt,7.41,7.35,0
4.03,4.349,41.85,2.653,1.005,4.4910000000000005,2.8576,Low fat yogurt,7.3,6.76,0
4.899,4.795,40.65,2.463,1.0979999999999999,4.593999999999999,2.1069999999999998,Low fat yogurt,8.04,8.22,0
5.052,4.916,40.313,2.6519999999999997,0.968,4.505,1.8211,Low fat yogurt,8.25,8.48,0
5.89,5.193,41.96,2.573,1.123,4.489,3.7762,Regular yogurt,8.71,9.88,2
4.446000000000001,5.9270000000000005,40.016999999999996,2.63,0.982,4.468999999999999,2.9045,Low fat yogurt,9.94,7.46,0
5.129,5.454,41.2,2.589,1.1640000000000001,4.583,3.8607,Regular yogurt,9.15,8.61,2
4.715,5.686,41.662,2.515,1.015,4.567,3.7998,Regular yogurt,9.54,7.91,2
5.886,5.9079999999999995,41.077,2.611,0.97,4.596,2.3465,Low fat yogurt,9.91,9.88,0
5.728,5.309,40.211,2.502,0.98,4.468999999999999,3.8197,Regular yogurt,8.91,9.61,2
5.932,4.125,41.446999999999996,2.6310000000000002,1.0270000000000001,4.474,1.9394,Low fat yogurt,6.92,9.95,0
4.124,4.84,40.427,2.469,1.125,4.592,1.8759,Low fat yogurt,8.12,6.92,0
5.01,4.007,41.496,2.64,1.004,4.58,3.7243,Regular yogurt,6.72,8.41,2
5.914,5.569,40.62,2.457,1.012,4.59,1.2615,Low fat yogurt,9.34,9.92,0
5.872999999999999,5.275,41.5,2.6310000000000002,0.985,4.591,3.6497,Regular yogurt,8.85,9.85,2
5.422000000000001,4.757,40.727,2.61,1.124,4.4719999999999995,1.1321,Low fat yogurt,7.98,9.1,0
4.761,5.995,41.062,2.4330000000000003,1.025,4.56,3.1755,Low fat yogurt,10.06,7.99,0
5.492999999999999,5.944,40.363,2.492,0.972,4.439,1.1149,Low fat yogurt,9.97,9.22,0
4.543,4.341,41.113,2.501,1.0,4.471,1.5572,Low fat yogurt,7.28,7.62,0
4.625,5.31,41.195,2.6710000000000003,1.0290000000000001,4.531000000000001,2.8479,Low fat yogurt,8.91,7.76,0
4.908,5.033,41.857,2.471,1.0,4.521,3.5532,Regular yogurt,8.44,8.23,2
4.7589999999999995,5.428999999999999,41.101000000000006,2.6260000000000003,1.037,4.5760000000000005,1.003,Non fat yogurt,9.11,7.98,1
5.153,5.971,41.013999999999996,2.556,0.977,4.566,2.74,Low fat yogurt,10.02,8.65,0
4.612,4.29,41.438,2.6719999999999997,1.169,4.454,2.0743,Low fat yogurt,7.2,7.74,0
5.736000000000001,4.461,40.09,2.5,1.052,4.495,2.2102,Low fat yogurt,7.48,9.62,0
4.76,5.2139999999999995,40.094,2.537,1.128,4.474,3.233,Low fat yogurt,8.75,7.99,0
4.7989999999999995,4.571000000000001,41.722,2.414,1.071,4.471,2.1885,Low fat yogurt,7.67,8.05,0
5.2620000000000005,5.254,40.983999999999995,2.645,1.133,4.436,3.484,Regular yogurt,8.81,8.83,2
4.806,5.544,41.608000000000004,2.583,0.963,4.5680000000000005,1.6724,Low fat yogurt,9.3,8.06,0
4.023,5.44,41.864,2.642,1.08,4.529,3.737,Regular yogurt,9.13,6.75,2
5.985,4.3069999999999995,40.623000000000005,2.475,1.177,4.465,2.9597,Low fat yogurt,7.23,10.04,0
4.843,4.056,41.516999999999996,2.688,0.978,4.539,1.595,Low fat yogurt,6.8,8.13,0
5.968,4.666,41.36,2.552,1.173,4.512,3.3466,Regular yogurt,7.83,10.01,2
5.754,4.75,40.872,2.6210000000000004,1.119,4.426,3.9156,Regular yogurt,7.97,9.65,2
5.711,4.765,41.821999999999996,2.5380000000000003,1.0959999999999999,4.5,1.4257,Low fat yogurt,7.99,9.58,0
5.9879999999999995,4.81,40.58,2.6210000000000004,1.068,4.507,3.9029,Regular yogurt,8.07,10.05,2
4.664,4.479,40.428000000000004,2.6010000000000004,1.135,4.473,2.1032,Low fat yogurt,7.51,7.82,0
5.997000000000001,5.985,40.78,2.6430000000000002,0.965,4.476,1.6097,Low fat yogurt,10.04,10.06,0
4.832,5.485,40.949,2.6060000000000003,1.0659999999999998,4.593,3.8067,Regular yogurt,9.2,8.11,2
5.502000000000001,4.9510000000000005,41.306999999999995,2.64,0.973,4.598,3.8557,Regular yogurt,8.31,9.23,2
4.1,4.247,41.081,2.48,1.141,4.524,1.278,Low fat yogurt,7.13,6.88,0
5.962000000000001,4.0680000000000005,41.641000000000005,2.636,1.166,4.439,3.1842,Low fat yogurt,6.82,10.0,0
4.829,5.702000000000001,40.568000000000005,2.492,1.013,4.578,2.8583,Low fat yogurt,9.57,8.1,0
4.425,5.74,41.548,2.5869999999999997,1.062,4.409,3.1264,Low fat yogurt,9.63,7.42,0
4.3260000000000005,4.612,40.202,2.5269999999999997,1.068,4.546,3.2265,Low fat yogurt,7.74,7.26,0
4.455,5.595,41.201,2.5380000000000003,1.0090000000000001,4.537,2.7958,Low fat yogurt,9.39,7.47,0
4.387,5.856,41.795,2.546,1.071,4.477,1.5429,Low fat yogurt,9.82,7.36,0
5.233,4.052,40.961000000000006,2.545,0.95,4.43,1.9898,Low fat yogurt,6.8,8.78,0
4.883,5.6339999999999995,41.873000000000005,2.679,1.124,4.571000000000001,3.2699,Regular yogurt,9.45,8.19,2
5.662999999999999,5.4510000000000005,41.728,2.543,1.181,4.423,1.6802,Low fat yogurt,9.15,9.5,0
5.946000000000001,4.599,40.516999999999996,2.563,0.977,4.446000000000001,1.6926,Low fat yogurt,7.72,9.98,0
5.547999999999999,5.432,40.885999999999996,2.565,1.001,4.583,1.2249,Low fat yogurt,9.11,9.31,0
5.506,5.271,40.747,2.681,1.053,4.46,1.161,Low fat yogurt,8.84,9.24,0
5.388999999999999,4.298,40.764,2.447,0.9520000000000001,4.466,3.9912,Regular yogurt,7.21,9.04,2
5.736000000000001,4.585,40.532,2.551,1.172,4.5680000000000005,2.5547,Low fat yogurt,7.69,9.62,0
5.525,5.765,41.777,2.62,0.951,4.473,3.3824,Regular yogurt,9.67,9.27,2
5.524,4.297,41.126000000000005,2.642,1.171,4.558,2.0033,Low fat yogurt,7.21,9.27,0
5.7620000000000005,4.574,40.71,2.471,1.1079999999999999,4.422,2.0792,Low fat yogurt,7.67,9.67,0
5.343999999999999,5.787999999999999,40.796,2.694,0.98,4.43,3.2247,Low fat yogurt,9.71,8.97,0
5.055,4.752,41.724,2.63,1.113,4.5089999999999995,1.3198,Low fat yogurt,7.97,8.48,0
4.7780000000000005,5.529,40.398,2.617,1.13,4.518,2.969,Low fat yogurt,9.28,8.02,0
5.571000000000001,4.949,40.383,2.661,1.177,4.5760000000000005,1.6546,Low fat yogurt,8.3,9.35,0
4.225,5.64,40.094,2.6460000000000004,1.183,4.571000000000001,1.0706,Non fat yogurt,9.46,7.09,1
4.81,5.962999999999999,41.443999999999996,2.6889999999999996,0.9740000000000001,4.408,2.5451,Low fat yogurt,10.0,8.07,0
4.266,4.103,41.833999999999996,2.469,1.171,4.474,1.6512,Low fat yogurt,6.88,7.16,0
5.138,5.7,41.748000000000005,2.481,1.038,4.575,2.2166,Low fat yogurt,9.56,8.62,0
5.869,4.931,41.797,2.612,0.982,4.545,3.0857,Low fat yogurt,8.27,9.85,0
5.1160000000000005,4.497,40.535,2.6639999999999997,1.016,4.426,1.4388,Low fat yogurt,7.54,8.58,0
4.999,5.167999999999999,41.647,2.67,1.063,4.532,3.3654,Regular yogurt,8.67,8.39,2
5.348,5.966,40.743,2.5580000000000003,0.987,4.444,2.2284,Low fat yogurt,10.01,8.97,0
5.3020000000000005,4.043,41.153999999999996,2.546,1.002,4.5889999999999995,3.8128,Regular yogurt,6.78,8.9,2
4.734,4.832,40.5,2.488,1.085,4.534,3.0067,Low fat yogurt,8.11,7.94,0
5.035,5.281000000000001,40.341,2.458,0.965,4.5680000000000005,3.6994,Regular yogurt,8.86,8.45,2
4.9,4.897,41.355,2.66,1.095,4.596,2.1338,Low fat yogurt,8.22,8.22,0
4.048,5.332000000000001,41.717,2.465,1.0959999999999999,4.569,2.5443,Low fat yogurt,8.95,6.79,0
5.0360000000000005,5.968999999999999,41.92,2.56,1.167,4.513999999999999,1.7871,Low fat yogurt,10.01,8.45,0
4.423,4.0969999999999995,41.226000000000006,2.603,1.041,4.45,3.1931,Low fat yogurt,6.87,7.42,0
5.542999999999999,5.394,41.47,2.565,1.031,4.4,1.8984,Low fat yogurt,9.05,9.3,0
5.816,4.118,40.827,2.42,1.189,4.565,3.3978,Regular yogurt,6.91,9.76,2
4.147,4.468999999999999,40.731,2.673,0.968,4.567,2.1756,Low fat yogurt,7.5,6.96,0
4.271,5.348,41.49100000000001,2.5839999999999996,1.145,4.58,1.3459,Low fat yogurt,8.97,7.17,0
5.42,5.3420000000000005,40.244,2.421,1.008,4.5280000000000005,2.273,Low fat yogurt,8.96,9.09,0
5.156000000000001,5.1339999999999995,41.958999999999996,2.6239999999999997,1.11,4.473,2.5944,Low fat yogurt,8.61,8.65,0
5.624,4.1,40.727,2.53,1.091,4.573,3.0637,Low fat yogurt,6.88,9.44,0
5.468,5.39,41.715,2.597,1.178,4.562,2.8801,Low fat yogurt,9.04,9.17,0
5.629,4.524,40.176,2.434,1.093,4.58,1.159,Low fat yogurt,7.59,9.44,0
4.581,5.428,41.931999999999995,2.544,1.185,4.478,1.9214,Low fat yogurt,9.11,7.69,0
4.479,4.415,40.903,2.521,1.079,4.473,3.7037,Regular yogurt,7.41,7.51,2
5.008,4.91,40.593,2.464,1.15,4.504,1.5982,Low fat yogurt,8.24,8.4,0
4.665,4.265,41.583999999999996,2.4819999999999998,1.0070000000000001,4.542,1.655,Low fat yogurt,7.16,7.83,0
4.2589999999999995,4.099,40.631,2.616,1.0759999999999998,4.519,2.2733,Low fat yogurt,6.88,7.15,0
4.663,4.747,41.011,2.6519999999999997,0.982,4.437,3.5588,Regular yogurt,7.96,7.82,2
4.216,5.272,41.318000000000005,2.5380000000000003,1.051,4.488,2.5464,Low fat yogurt,8.84,7.07,0
4.031000000000001,5.226,40.156,2.665,1.097,4.535,2.641,Low fat yogurt,8.77,6.76,0
5.608,4.872,41.706,2.6210000000000004,1.05,4.459,1.8284,Low fat yogurt,8.17,9.41,0
5.382000000000001,5.452000000000001,40.021,2.499,0.9570000000000001,4.42,3.1561,Low fat yogurt,9.15,9.03,0
5.466,5.019,41.136,2.434,1.032,4.437,1.2357,Low fat yogurt,8.42,9.17,0
5.651,4.165,40.516,2.5869999999999997,0.9670000000000001,4.461,2.0378,Low fat yogurt,6.99,9.48,0
5.231,5.64,40.239000000000004,2.645,1.148,4.426,3.5176,Regular yogurt,9.46,8.78,2
4.967,4.454,40.086999999999996,2.5639999999999996,1.127,4.416,3.6427,Regular yogurt,7.47,8.33,2
4.734,4.441,41.187,2.436,1.176,4.416,1.1985,Low fat yogurt,7.45,7.94,0
5.662999999999999,5.167999999999999,40.975,2.573,1.1420000000000001,4.5089999999999995,3.4158,Regular yogurt,8.67,9.5,2
4.7410000000000005,4.4719999999999995,40.588,2.509,0.9670000000000001,4.593999999999999,2.449,Low fat yogurt,7.5,7.95,0
4.062,4.11,40.175,2.675,1.0959999999999999,4.5680000000000005,1.9262,Low fat yogurt,6.9,6.81,0
5.122000000000001,5.042,40.275,2.647,1.119,4.488,2.3841,Low fat yogurt,8.46,8.59,0
5.848,5.43,40.672,2.403,1.103,4.487,2.0163,Low fat yogurt,9.11,9.81,0
5.635,5.585,41.691,2.65,1.014,4.569,2.2792,Low fat yogurt,9.37,9.45,0
4.185,5.895,40.425,2.5540000000000003,0.975,4.413,3.8737,Regular yogurt,9.89,7.02,2
5.296,4.584,41.083999999999996,2.694,1.097,4.5360000000000005,2.8871,Low fat yogurt,7.69,8.89,0
5.268,4.977,40.029,2.418,0.9890000000000001,4.44,3.2323,Low fat yogurt,8.35,8.84,0
5.611000000000001,5.808,41.278,2.43,1.004,4.593,2.6007,Low fat yogurt,9.74,9.41,0
4.444,5.4510000000000005,40.815,2.694,1.161,4.5489999999999995,1.4376,Low fat yogurt,9.15,7.46,0
4.963,4.559,41.445,2.4730000000000003,1.047,4.5280000000000005,1.215,Low fat yogurt,7.65,8.33,0
4.532,5.226,40.098,2.505,1.0290000000000001,4.497,3.1107,Low fat yogurt,8.77,7.6,0
4.887,5.167999999999999,41.378,2.62,0.9670000000000001,4.438,3.7901,Regular yogurt,8.67,8.2,2
4.651,5.32,40.953,2.6639999999999997,1.073,4.526,1.886,Low fat yogurt,8.93,7.8,0
5.152,4.088,40.084,2.445,1.094,4.475,1.493,Low fat yogurt,6.86,8.64,0
4.247,5.727,41.013999999999996,2.523,1.085,4.452,2.6381,Low fat yogurt,9.61,7.13,0
5.3229999999999995,5.977,41.744,2.5469999999999997,1.12,4.552,3.1932,Low fat yogurt,10.03,8.93,0
5.351,4.2,41.07,2.589,1.042,4.526,3.8511,Regular yogurt,7.05,8.98,2
5.667000000000001,5.968999999999999,41.071999999999996,2.585,1.11,4.418,1.5382,Low fat yogurt,10.01,9.51,0
5.275,5.447,41.278999999999996,2.52,1.025,4.441,1.5938,Low fat yogurt,9.14,8.85,0
4.6080000000000005,5.162000000000001,40.253,2.443,0.956,4.433,1.7488,Low fat yogurt,8.66,7.73,0
4.7010000000000005,4.221,40.705999999999996,2.525,1.072,4.567,1.2706,Low fat yogurt,7.08,7.89,0
4.19,5.6160000000000005,40.434,2.648,1.0190000000000001,4.51,3.9610000000000003,Regular yogurt,9.42,7.03,2
5.082,4.7669999999999995,41.888000000000005,2.4019999999999997,1.0659999999999998,4.4239999999999995,3.3544,Regular yogurt,8.0,8.53,2
5.14,5.593,41.967,2.529,1.003,4.532,1.649,Low fat yogurt,9.38,8.62,0
5.683,5.794,41.847,2.489,1.079,4.535,2.6322,Low fat yogurt,9.72,9.53,0
5.263999999999999,5.194,40.423,2.687,1.069,4.463,2.3149,Low fat yogurt,8.71,8.83,0
4.643,4.843,41.876999999999995,2.6180000000000003,1.151,4.495,1.9897,Low fat yogurt,8.13,7.79,0
5.374,4.434,40.231,2.688,1.124,4.487,3.2627,Regular yogurt,7.44,9.02,2
4.007,5.581,41.12,2.461,1.093,4.412,3.1956,Low fat yogurt,9.36,6.72,0
4.253,4.126,41.2,2.487,1.042,4.593,3.2343,Low fat yogurt,6.92,7.14,0
5.0169999999999995,4.9110000000000005,41.46,2.6489999999999996,1.1440000000000001,4.493,3.4217,Regular yogurt,8.24,8.42,2
5.553,5.265,40.876999999999995,2.4019999999999997,1.102,4.414,2.6387,Low fat yogurt,8.83,9.32,0
5.494,4.137,41.461999999999996,2.452,1.037,4.405,3.3664,Regular yogurt,6.94,9.22,2
5.101,5.0089999999999995,41.068999999999996,2.474,1.127,4.4110000000000005,3.1909,Low fat yogurt,8.4,8.56,0
5.266,5.997999999999999,41.163000000000004,2.605,1.018,4.493,2.6349,Low fat yogurt,10.06,8.83,0
5.042,4.89,40.415,2.439,1.133,4.447,3.0392,Low fat yogurt,8.2,8.46,0
4.191,4.734,41.471000000000004,2.5669999999999997,1.041,4.4319999999999995,3.8464,Regular yogurt,7.94,7.03,2
5.462000000000001,4.468999999999999,41.501999999999995,2.5269999999999997,1.179,4.525,2.0171,Low fat yogurt,7.5,9.16,0
5.212000000000001,5.647,40.341,2.522,1.1540000000000001,4.467,1.709,Low fat yogurt,9.47,8.74,0
4.305,4.29,40.201,2.541,0.98,4.501,3.8681,Regular yogurt,7.2,7.22,2
5.751,4.218999999999999,41.081,2.61,0.971,4.502,2.818,Low fat yogurt,7.08,9.65,0
4.916,4.942,41.50899999999999,2.6919999999999997,1.0,4.416,1.7128,Low fat yogurt,8.29,8.25,0
5.266,4.088,40.282,2.53,0.9990000000000001,4.406000000000001,3.5987,Regular yogurt,6.86,8.83,2
5.635,4.992,40.806999999999995,2.674,1.024,4.467,1.2207,Low fat yogurt,8.38,9.45,0
4.953,4.917,41.45,2.489,1.126,4.564,2.3016,Low fat yogurt,8.25,8.31,0
4.379,4.266,40.336999999999996,2.4130000000000003,1.031,4.417,3.8349,Regular yogurt,7.16,7.35,2
4.662,5.564,40.715,2.491,0.9790000000000001,4.4510000000000005,3.2618,Regular yogurt,9.33,7.82,2
4.124,4.335,41.871,2.426,0.953,4.53,1.1429,Low fat yogurt,7.27,6.92,0
5.162000000000001,5.904,41.916000000000004,2.694,1.037,4.5089999999999995,3.1831,Low fat yogurt,9.91,8.66,0
5.112,5.027,41.818000000000005,2.437,1.051,4.524,3.0894,Low fat yogurt,8.43,8.58,0
4.327,5.185,41.081,2.499,1.163,4.48,1.9877,Low fat yogurt,8.7,7.26,0
4.413,5.0680000000000005,41.879,2.694,1.016,4.5169999999999995,1.426,Low fat yogurt,8.5,7.4,0
5.894,4.324,40.227,2.5860000000000003,1.05,4.5089999999999995,1.229,Low fat yogurt,7.25,9.89,0
4.409,5.2860000000000005,40.631,2.498,1.016,4.523,2.1921,Low fat yogurt,8.87,7.4,0
4.177,4.873,41.331,2.5660000000000003,1.169,4.502,3.8976,Regular yogurt,8.18,7.01,2
4.621,4.162,41.878,2.405,1.185,4.4319999999999995,1.2987,Low fat yogurt,6.98,7.75,0
5.367000000000001,4.079,40.46,2.595,1.05,4.409,3.272,Regular yogurt,6.84,9.0,2
4.372,4.93,41.763999999999996,2.615,1.099,4.43,3.9273,Regular yogurt,8.27,7.33,2
4.084,5.596,40.841,2.597,0.98,4.5889999999999995,1.5490000000000002,Low fat yogurt,9.39,6.85,0
4.572,5.319,40.959,2.636,1.01,4.565,2.3993,Low fat yogurt,8.92,7.67,0
5.702000000000001,5.439,40.168,2.6910000000000003,1.172,4.41,3.2308,Low fat yogurt,9.13,9.57,0
4.402,5.834,40.538000000000004,2.523,0.98,4.593999999999999,1.1942,Low fat yogurt,9.79,7.39,0
4.537,4.606,40.535,2.585,1.1640000000000001,4.598,3.2726,Regular yogurt,7.73,7.61,2
4.428,5.2379999999999995,40.528,2.437,0.977,4.586,1.9541,Low fat yogurt,8.79,7.43,0
4.593,5.267,41.711999999999996,2.501,1.032,4.46,2.9542,Low fat yogurt,8.84,7.71,0
5.1370000000000005,5.167000000000001,41.79,2.6660000000000004,1.032,4.507,2.9981,Low fat yogurt,8.67,8.62,0
4.27,5.078,40.533,2.448,0.9570000000000001,4.462,1.2409999999999999,Low fat yogurt,8.52,7.16,0
4.131,5.693,40.325,2.698,0.96,4.579,3.3738,Regular yogurt,9.55,6.93,2
4.996,5.966,40.189,2.573,0.963,4.546,1.5696,Low fat yogurt,10.01,8.38,0
4.053,4.91,41.226000000000006,2.685,1.004,4.473,2.9137,Low fat yogurt,8.24,6.8,0
5.682,4.3580000000000005,40.306,2.593,1.081,4.431,3.9395,Regular yogurt,7.31,9.53,2
4.524,5.675,41.68,2.536,0.9620000000000001,4.507,3.0010000000000003,Low fat yogurt,9.52,7.59,0
4.292,5.856,41.411,2.6439999999999997,1.115,4.5489999999999995,3.5852,Regular yogurt,9.82,7.2,2
5.582999999999999,4.749,40.561,2.592,1.064,4.593999999999999,1.1559,Low fat yogurt,7.97,9.37,0
5.617000000000001,5.68,40.739000000000004,2.4730000000000003,1.043,4.488,3.2603,Regular yogurt,9.53,9.42,2
5.355,4.164,40.553000000000004,2.513,1.145,4.588,2.7644,Low fat yogurt,6.99,8.98,0
5.391,4.973,40.662,2.65,1.0759999999999998,4.538,1.0206,Non fat yogurt,8.34,9.04,1
4.438,4.742,40.084,2.501,1.173,4.503,1.4155,Low fat yogurt,7.96,7.45,0
4.026,5.2620000000000005,41.043,2.5789999999999997,1.048,4.562,1.0854,Non fat yogurt,8.83,6.75,1
5.365,5.023,40.1,2.478,1.188,4.466,3.1839,Low fat yogurt,8.43,9.0,0
4.454,4.158,40.839,2.5380000000000003,1.14,4.485,3.4875,Regular yogurt,6.98,7.47,2
4.324,4.121,40.486,2.4619999999999997,0.96,4.461,1.5198,Low fat yogurt,6.91,7.25,0
5.853,4.737,41.383,2.69,1.085,4.5569999999999995,1.1188,Low fat yogurt,7.95,9.82,0
5.765,4.769,41.571000000000005,2.48,1.01,4.478,2.9314,Low fat yogurt,8.0,9.67,0
5.954,5.0489999999999995,40.931,2.613,1.014,4.515,2.7187,Low fat yogurt,8.47,9.99,0
4.888999999999999,5.0680000000000005,40.98,2.605,1.021,4.412,3.1572,Low fat yogurt,8.5,8.2,0
5.796,5.502999999999999,41.18600000000001,2.603,1.169,4.4719999999999995,3.6053,Regular yogurt,9.23,9.72,2
4.624,4.117,40.576,2.682,1.063,4.5,3.5492,Regular yogurt,6.91,7.76,2
5.932,5.072,41.233999999999995,2.499,1.097,4.465,3.4513,Regular yogurt,8.51,9.95,2
5.431,5.577000000000001,41.953,2.421,1.087,4.513999999999999,1.0507,Non fat yogurt,9.36,9.11,1
5.3629999999999995,4.829,40.23,2.419,1.122,4.402,2.7849,Low fat yogurt,8.1,9.0,0
4.648,4.243,40.634,2.682,1.037,4.481,3.3906,Regular yogurt,7.12,7.8,2
5.0969999999999995,4.213,41.053999999999995,2.535,1.188,4.523,3.1162,Low fat yogurt,7.07,8.55,0
5.462999999999999,5.154,40.039,2.605,0.953,4.58,3.4963,Regular yogurt,8.65,9.17,2
4.471,4.762,41.805,2.55,0.9590000000000001,4.4030000000000005,1.047,Non fat yogurt,7.99,7.5,1
4.607,4.521,40.959,2.544,0.978,4.412,2.8625,Low fat yogurt,7.58,7.73,0
4.363,5.242000000000001,40.118,2.608,1.002,4.577,1.7557,Low fat yogurt,8.79,7.32,0
4.387,4.497,40.934,2.4530000000000003,1.043,4.543,3.2110000000000003,Low fat yogurt,7.54,7.36,0
5.221,4.852,40.989,2.4930000000000003,0.995,4.592,3.0675,Low fat yogurt,8.14,8.76,0
5.65,4.845,40.888000000000005,2.52,1.133,4.585,2.766,Low fat yogurt,8.13,9.48,0
5.836,5.986000000000001,41.581,2.521,1.1740000000000002,4.5489999999999995,1.5924,Low fat yogurt,10.04,9.79,0
4.239,4.353,41.55,2.573,1.002,4.452,2.0435,Low fat yogurt,7.3,7.11,0
5.949,4.341,40.538000000000004,2.65,1.032,4.4639999999999995,1.5567,Low fat yogurt,7.28,9.98,0
5.5,4.985,41.155,2.62,0.9620000000000001,4.401,1.1315,Low fat yogurt,8.36,9.23,0
4.974,5.558,41.373999999999995,2.667,1.022,4.525,3.9952,Regular yogurt,9.32,8.34,2
4.127,4.069,40.056999999999995,2.444,0.98,4.4319999999999995,1.1228,Low fat yogurt,6.83,6.92,0
4.387,4.292,40.369,2.504,0.953,4.553,2.3307,Low fat yogurt,7.2,7.36,0
5.2410000000000005,5.3420000000000005,41.425,2.673,1.013,4.439,3.1207,Low fat yogurt,8.96,8.79,0
4.475,4.335,40.135999999999996,2.623,1.099,4.531000000000001,3.4619,Regular yogurt,7.27,7.51,2
5.18,5.462000000000001,41.464,2.548,1.034,4.5889999999999995,3.1821,Low fat yogurt,9.16,8.69,0
4.795,4.175,41.315,2.616,1.081,4.44,1.7712,Low fat yogurt,7.0,8.04,0
4.781000000000001,4.05,41.202,2.6460000000000004,1.034,4.408,2.9041,Low fat yogurt,6.79,8.02,0
5.377999999999999,5.181,41.489,2.481,1.012,4.436,3.6343,Regular yogurt,8.69,9.02,2
5.984,4.499,41.191,2.6689999999999996,1.1159999999999999,4.577,2.0669999999999997,Low fat yogurt,7.55,10.04,0
4.977,4.154,41.475,2.5469999999999997,1.0759999999999998,4.4510000000000005,3.7776,Regular yogurt,6.97,8.35,2
4.423,4.086,41.227,2.455,1.079,4.4319999999999995,3.8852,Regular yogurt,6.86,7.42,2
4.5360000000000005,4.466,41.313,2.497,0.963,4.458,3.4974,Regular yogurt,7.49,7.61,2
4.36,5.145,40.931999999999995,2.64,1.004,4.544,2.2705,Low fat yogurt,8.63,7.31,0
4.205,4.899,41.236000000000004,2.678,1.167,4.507,3.4251,Regular yogurt,8.22,7.05,2
5.499,5.803999999999999,40.897,2.5140000000000002,1.021,4.532,2.2808,Low fat yogurt,9.74,9.23,0
5.531000000000001,5.615,40.508,2.612,1.051,4.585,3.513,Regular yogurt,9.42,9.28,2
5.228,4.819,41.99,2.625,1.137,4.575,2.6995,Low fat yogurt,8.08,8.77,0
5.186,4.739,41.562,2.481,1.186,4.545,3.366,Regular yogurt,7.95,8.7,2
4.475,4.823,40.586,2.5180000000000002,1.088,4.416,1.8563,Low fat yogurt,8.09,7.51,0
4.415,5.994,40.959,2.485,0.95,4.507,1.8075,Low fat yogurt,10.06,7.41,0
4.7780000000000005,5.851,41.97,2.613,1.069,4.586,2.0125,Low fat yogurt,9.82,8.02,0
5.935,5.235,40.675,2.6180000000000003,1.1440000000000001,4.4830000000000005,1.8583,Low fat yogurt,8.78,9.96,0
5.118,4.303,41.055,2.647,1.176,4.531000000000001,1.5089,Low fat yogurt,7.22,8.59,0
4.685,4.382,41.425,2.4530000000000003,1.002,4.529,3.5117,Regular yogurt,7.35,7.86,2
5.478,5.292000000000001,41.483999999999995,2.64,1.037,4.4239999999999995,3.2091,Low fat yogurt,8.88,9.19,0
4.968,5.587999999999999,41.315,2.457,1.032,4.423,2.8663,Low fat yogurt,9.38,8.33,0
4.095,5.381,41.651,2.5839999999999996,0.995,4.532,2.2154,Low fat yogurt,9.03,6.87,0
5.81,4.7410000000000005,40.798,2.511,1.038,4.404,3.2524,Regular yogurt,7.95,9.75,2
4.637,4.505,41.117,2.676,1.004,4.4,3.0669999999999997,Low fat yogurt,7.56,7.78,0
4.14,5.898,41.178999999999995,2.455,0.981,4.53,2.9854,Low fat yogurt,9.9,6.95,0
5.4079999999999995,5.066,40.361,2.6460000000000004,1.0390000000000001,4.4239999999999995,2.7091,Low fat yogurt,8.5,9.07,0
5.295,4.329,41.302,2.556,1.171,4.524,2.3556,Low fat yogurt,7.26,8.88,0
5.029,5.143,40.678000000000004,2.464,1.1059999999999999,4.492,1.874,Low fat yogurt,8.63,8.44,0
5.476,4.265,41.907,2.451,1.157,4.519,1.4747,Low fat yogurt,7.16,9.19,0
5.2829999999999995,5.813,40.838,2.6260000000000003,1.133,4.485,2.3689,Low fat yogurt,9.75,8.86,0
4.131,5.232,41.782,2.5669999999999997,1.01,4.475,1.9477,Low fat yogurt,8.78,6.93,0
5.073,5.705,40.488,2.556,1.143,4.456,3.4507,Regular yogurt,9.57,8.51,2
4.635,4.375,40.54,2.597,1.153,4.592,2.6815,Low fat yogurt,7.34,7.78,0
5.542000000000001,4.45,40.146,2.5580000000000003,0.992,4.436,2.2455,Low fat yogurt,7.47,9.3,0
4.488,5.47,41.928999999999995,2.483,1.053,4.479,3.9834,Regular yogurt,9.18,7.53,2
4.16,4.23,41.728,2.66,0.963,4.524,3.3572,Regular yogurt,7.1,6.98,2
4.3580000000000005,4.306,41.543,2.69,0.99,4.553999999999999,3.2625,Regular yogurt,7.22,7.31,2
4.477,5.629,41.131,2.593,1.0490000000000002,4.522,1.3959,Low fat yogurt,9.44,7.51,0
5.376,5.478,40.329,2.479,1.043,4.458,1.7646,Low fat yogurt,9.19,9.02,0
5.7989999999999995,4.05,41.891000000000005,2.441,0.9790000000000001,4.415,3.1935,Low fat yogurt,6.79,9.73,0
4.024,5.103,40.646,2.59,1.169,4.5969999999999995,2.7712,Low fat yogurt,8.56,6.75,0
5.1160000000000005,4.498,41.437,2.489,1.153,4.5760000000000005,3.2519,Regular yogurt,7.55,8.58,2
5.511,5.965,41.628,2.6069999999999998,1.0959999999999999,4.585,1.52,Low fat yogurt,10.01,9.25,0
4.9719999999999995,5.565,41.75899999999999,2.52,1.175,4.474,1.9511,Low fat yogurt,9.34,8.34,0
5.154,5.931,41.331,2.576,1.128,4.434,1.4657,Low fat yogurt,9.95,8.65,0
4.309,4.6,41.992,2.6639999999999997,1.091,4.41,3.8201,Regular yogurt,7.72,7.23,2
5.718,5.461,40.881,2.434,0.985,4.57,3.3343,Regular yogurt,9.16,9.59,2
4.977,4.655,40.312,2.4219999999999997,1.088,4.45,1.2674,Low fat yogurt,7.81,8.35,0
4.321000000000001,4.637,41.893,2.443,1.18,4.436,2.8174,Low fat yogurt,7.78,7.25,0
5.587999999999999,4.7410000000000005,40.967,2.667,0.9620000000000001,4.48,2.0548,Low fat yogurt,7.95,9.38,0
5.215,5.332999999999999,41.273999999999994,2.535,1.073,4.556,3.1299,Low fat yogurt,8.95,8.75,0
5.725,5.062,40.373000000000005,2.535,1.032,4.54,3.8942,Regular yogurt,8.49,9.6,2
4.7330000000000005,4.122,40.657,2.444,1.063,4.502,1.6889,Low fat yogurt,6.92,7.94,0
4.8580000000000005,4.131,41.986000000000004,2.6,1.1420000000000001,4.553999999999999,3.2412,Low fat yogurt,6.93,8.15,0
5.3629999999999995,5.093,41.909,2.62,0.992,4.577,1.7853,Low fat yogurt,8.54,9.0,0
5.31,5.457000000000001,41.413999999999994,2.615,1.015,4.5489999999999995,2.1654,Low fat yogurt,9.16,8.91,0
5.388999999999999,5.187,41.913999999999994,2.6439999999999997,1.038,4.513999999999999,3.7756,Regular yogurt,8.7,9.04,2
5.706,4.481,40.983000000000004,2.6319999999999997,1.175,4.416,3.9960000000000004,Regular yogurt,7.52,9.57,2
5.039,4.502,40.78,2.416,1.1740000000000002,4.456,1.8995,Low fat yogurt,7.55,8.45,0
4.056,4.437,41.398999999999994,2.406,1.082,4.485,3.0121,Low fat yogurt,7.44,6.8,0
5.614,4.927,41.401,2.58,1.054,4.572,3.6013,Regular yogurt,8.27,9.42,2
5.888999999999999,5.671,40.641999999999996,2.43,1.032,4.56,2.9511,Low fat yogurt,9.51,9.88,0
5.34,5.05,41.726000000000006,2.549,1.044,4.47,3.0975,Low fat yogurt,8.47,8.96,0
4.249,4.319,41.325,2.6260000000000003,1.09,4.538,2.081,Low fat yogurt,7.25,7.13,0
4.99,5.483,41.367,2.5380000000000003,0.993,4.422,3.4096,Regular yogurt,9.2,8.37,2
5.51,5.22,41.018,2.515,0.982,4.595,2.864,Low fat yogurt,8.76,9.24,0
4.026,4.612,40.571,2.528,0.955,4.446000000000001,1.6675,Low fat yogurt,7.74,6.75,0
5.031000000000001,5.392,41.547,2.676,1.171,4.561,1.3299,Low fat yogurt,9.05,8.44,0
4.678999999999999,4.499,40.79,2.591,1.041,4.556,2.1001,Low fat yogurt,7.55,7.85,0
5.2139999999999995,5.457999999999999,41.725,2.695,1.079,4.487,3.3949,Regular yogurt,9.16,8.75,2
5.252000000000001,4.332,41.663000000000004,2.415,0.991,4.562,3.0328,Low fat yogurt,7.27,8.81,0
5.416,4.414,41.29600000000001,2.512,1.045,4.422,3.9729,Regular yogurt,7.41,9.09,2
4.989,5.359,40.917,2.435,0.9840000000000001,4.47,1.4261,Low fat yogurt,8.99,8.37,0
4.904,5.2010000000000005,41.493,2.517,0.998,4.42,1.8946,Low fat yogurt,8.73,8.23,0
5.728,4.416,40.389,2.53,1.104,4.515,3.8112,Regular yogurt,7.41,9.61,2
4.209,4.777,40.287,2.583,0.96,4.5569999999999995,2.2977,Low fat yogurt,8.01,7.06,0
4.388999999999999,4.5889999999999995,41.677,2.492,0.973,4.563,2.3828,Low fat yogurt,7.7,7.36,0
4.993,4.572,41.658,2.6460000000000004,1.0979999999999999,4.572,2.021,Low fat yogurt,7.67,8.38,0
5.435,5.709,41.2,2.681,1.02,4.582,3.6764,Regular yogurt,9.58,9.12,2
4.369,5.688,40.265,2.403,1.122,4.453,1.5896,Low fat yogurt,9.54,7.33,0
5.664,5.244,40.75,2.447,1.044,4.56,2.8907,Low fat yogurt,8.8,9.5,0
5.2829999999999995,5.667999999999999,41.876999999999995,2.467,1.129,4.4239999999999995,1.6389,Low fat yogurt,9.51,8.86,0
5.832000000000001,5.525,40.336,2.681,1.013,4.507,1.9799,Low fat yogurt,9.27,9.78,0
4.356,5.321000000000001,41.012,2.467,1.179,4.5969999999999995,1.2262,Low fat yogurt,8.93,7.31,0
4.869,5.092,40.882,2.464,1.037,4.402,2.628,Low fat yogurt,8.54,8.17,0
5.528,4.377,40.709,2.48,0.9670000000000001,4.553999999999999,3.1591,Low fat yogurt,7.34,9.27,0
4.575,4.878,40.568000000000005,2.52,1.036,4.518,2.3206,Low fat yogurt,8.18,7.68,0
4.662,5.5520000000000005,40.249,2.6010000000000004,1.15,4.538,3.2605,Regular yogurt,9.31,7.82,2
5.16,5.2589999999999995,41.049,2.443,0.966,4.545,2.5205,Low fat yogurt,8.82,8.66,0
4.281000000000001,5.837999999999999,40.743,2.4730000000000003,1.0590000000000002,4.41,2.8982,Low fat yogurt,9.79,7.18,0
5.295,4.053999999999999,41.513999999999996,2.674,1.171,4.598,3.3936,Regular yogurt,6.8,8.88,2
5.9239999999999995,4.8389999999999995,40.155,2.6839999999999997,1.075,4.593,1.3153,Low fat yogurt,8.12,9.94,0
4.6530000000000005,4.376,41.693000000000005,2.4219999999999997,0.98,4.6,3.6147,Regular yogurt,7.34,7.81,2
4.138999999999999,4.566,41.543,2.517,1.1340000000000001,4.548,1.1628,Low fat yogurt,7.66,6.94,0
5.132999999999999,5.351,40.93,2.622,0.9570000000000001,4.493,2.7321,Low fat yogurt,8.98,8.61,0
4.609,5.426,40.803000000000004,2.5180000000000002,1.081,4.43,1.1311,Low fat yogurt,9.1,7.73,0
4.848,5.193,41.931000000000004,2.615,1.155,4.43,2.8310000000000004,Low fat yogurt,8.71,8.13,0
4.654,4.406000000000001,41.652,2.541,1.015,4.518,1.9181,Low fat yogurt,7.39,7.81,0
4.4910000000000005,4.939,41.45,2.635,1.1520000000000001,4.518,1.9325,Low fat yogurt,8.29,7.53,0
5.013999999999999,5.207000000000001,40.330999999999996,2.508,1.0859999999999999,4.465,3.1573,Low fat yogurt,8.74,8.41,0
4.825,5.223,41.961999999999996,2.573,0.985,4.556,1.7054,Low fat yogurt,8.76,8.1,0
4.66,4.7,40.772,2.407,1.103,4.503,2.1705,Low fat yogurt,7.89,7.82,0
4.684,4.249,40.997,2.546,1.083,4.583,3.1359,Low fat yogurt,7.13,7.86,0
4.872,4.596,40.14,2.542,1.113,4.591,3.6156,Regular yogurt,7.71,8.17,2
4.604,4.433,41.253,2.519,1.074,4.538,3.5453,Regular yogurt,7.44,7.72,2
4.936,5.127999999999999,41.611999999999995,2.582,1.178,4.526,2.2457,Low fat yogurt,8.6,8.28,0
4.552,4.218999999999999,40.787,2.4219999999999997,1.1740000000000002,4.5280000000000005,1.5303,Low fat yogurt,7.08,7.64,0
4.112,5.231,40.48,2.679,1.0090000000000001,4.442,3.0955,Low fat yogurt,8.78,6.9,0
5.791,5.105,41.731,2.58,1.163,4.561,1.9634,Low fat yogurt,8.56,9.72,0
4.718999999999999,4.218999999999999,40.139,2.627,1.075,4.466,2.4091,Low fat yogurt,7.08,7.92,0
5.401,5.584,41.261,2.571,1.014,4.453,2.6147,Low fat yogurt,9.37,9.06,0
4.005,4.115,41.971000000000004,2.443,0.985,4.431,3.693,Regular yogurt,6.9,6.72,2
5.886,5.096,40.865,2.559,1.044,4.441,2.8648,Low fat yogurt,8.55,9.88,0
5.867000000000001,5.396,40.876,2.4330000000000003,1.0959999999999999,4.47,3.4039,Regular yogurt,9.05,9.84,2
4.8469999999999995,4.927,41.033,2.478,1.182,4.408,2.202,Low fat yogurt,8.27,8.13,0
4.291,4.518,40.602,2.6860000000000004,0.985,4.434,3.3471,Regular yogurt,7.58,7.2,2
5.92,4.583,41.681999999999995,2.667,1.077,4.421,2.6387,Low fat yogurt,7.69,9.93,0
4.5969999999999995,5.257000000000001,41.849,2.61,0.9890000000000001,4.563,1.1229,Low fat yogurt,8.82,7.71,0
4.12,5.773,40.847,2.455,1.031,4.598,3.6899,Regular yogurt,9.69,6.91,2
4.245,5.561,40.068000000000005,2.5610000000000004,1.1340000000000001,4.495,3.6577,Regular yogurt,9.33,7.12,2
4.129,5.455,40.814,2.653,1.034,4.587,3.858,Regular yogurt,9.15,6.93,2
4.3839999999999995,4.321000000000001,41.91,2.404,1.062,4.587,2.4782,Low fat yogurt,7.25,7.36,0
4.123,5.03,40.907,2.417,1.07,4.58,3.0778,Low fat yogurt,8.44,6.92,0
4.944,5.294,40.144,2.435,0.968,4.468999999999999,2.6518,Low fat yogurt,8.88,8.29,0
5.393,5.162000000000001,40.04,2.609,1.185,4.579,2.2821,Low fat yogurt,8.66,9.05,0
5.862,5.651,40.202,2.467,1.135,4.5489999999999995,1.1863,Low fat yogurt,9.48,9.83,0
5.045,4.342,40.438,2.491,1.103,4.537,1.7884,Low fat yogurt,7.28,8.46,0
5.358,4.709,40.39,2.423,1.0090000000000001,4.498,3.9346,Regular yogurt,7.9,8.99,2
4.606,5.862,40.165,2.6260000000000003,1.11,4.519,2.2167,Low fat yogurt,9.83,7.73,0
5.895,5.224,40.13,2.667,1.149,4.494,1.4824,Low fat yogurt,8.76,9.89,0
5.6339999999999995,5.6579999999999995,40.036,2.6830000000000003,1.125,4.47,3.092,Low fat yogurt,9.49,9.45,0
4.477,4.651,41.743,2.503,1.114,4.42,3.5588,Regular yogurt,7.8,7.51,2
5.631,5.547000000000001,41.11,2.4219999999999997,1.105,4.477,1.1216,Low fat yogurt,9.31,9.45,0
4.191,5.752999999999999,40.154,2.513,0.998,4.502,2.7356,Low fat yogurt,9.65,7.03,0
5.531000000000001,4.345,41.406000000000006,2.641,0.97,4.546,1.9832,Low fat yogurt,7.29,9.28,0
5.21,5.337999999999999,40.935,2.6430000000000002,1.054,4.4910000000000005,1.0496,Non fat yogurt,8.96,8.74,1
4.227,4.92,40.509,2.625,1.087,4.598,2.8375,Low fat yogurt,8.25,7.09,0
4.94,4.835,41.415,2.494,1.172,4.5280000000000005,3.5829,Regular yogurt,8.11,8.29,2
5.7860000000000005,5.882999999999999,40.748000000000005,2.594,0.993,4.539,3.5122,Regular yogurt,9.87,9.71,2
4.373,4.376,40.248000000000005,2.58,1.01,4.457,1.9959,Low fat yogurt,7.34,7.34,0
4.016,4.666,40.07,2.43,1.129,4.529,2.9712,Low fat yogurt,7.83,6.74,0
5.273,4.003,40.105,2.443,1.056,4.521,3.8585,Regular yogurt,6.72,8.85,2
5.891,5.4239999999999995,40.328,2.549,1.1059999999999999,4.42,3.0272,Low fat yogurt,9.1,9.88,0
4.413,4.056,41.528999999999996,2.4619999999999997,1.034,4.506,1.5458,Low fat yogurt,6.8,7.4,0
4.638999999999999,5.011,40.45,2.523,1.078,4.4319999999999995,2.7628,Low fat yogurt,8.41,7.78,0
4.923,4.269,40.632,2.594,1.034,4.567,2.238,Low fat yogurt,7.16,8.26,0
4.328,5.99,41.28,2.661,1.0590000000000002,4.418,2.2734,Low fat yogurt,10.05,7.26,0
4.963,5.441,40.297,2.628,1.03,4.551,1.9521,Low fat yogurt,9.13,8.33,0
5.809,5.507000000000001,41.126000000000005,2.484,1.061,4.555,2.7882,Low fat yogurt,9.24,9.75,0
4.105,4.873,40.041,2.6319999999999997,1.035,4.596,3.5926,Regular yogurt,8.18,6.89,2
4.933,4.908,40.653,2.51,1.097,4.408,3.3954,Regular yogurt,8.23,8.28,2
5.7989999999999995,5.848,41.232,2.5789999999999997,1.033,4.579,2.2565,Low fat yogurt,9.81,9.73,0
4.2860000000000005,5.93,40.666,2.557,1.048,4.404,2.3748,Low fat yogurt,9.95,7.19,0
5.862,5.524,41.106,2.551,1.081,4.467,2.5356,Low fat yogurt,9.27,9.83,0
5.657,4.172,40.064,2.529,1.1540000000000001,4.468999999999999,1.5115,Low fat yogurt,7.0,9.49,0
4.97,5.465,40.488,2.6439999999999997,1.051,4.534,1.0207,Non fat yogurt,9.17,8.34,1
4.47,4.398,41.653,2.505,1.038,4.556,2.1097,Low fat yogurt,7.38,7.5,0
5.774,4.64,40.946,2.419,1.016,4.416,1.6242,Low fat yogurt,7.78,9.69,0
4.519,4.879,40.494,2.7,1.01,4.427,2.6556,Low fat yogurt,8.19,7.58,0
5.3020000000000005,5.846,41.946000000000005,2.545,1.11,4.479,2.1957,Low fat yogurt,9.81,8.9,0
5.106,4.552,40.431999999999995,2.605,0.966,4.546,3.8912,Regular yogurt,7.64,8.57,2
5.579,5.646,40.379,2.593,1.128,4.5889999999999995,2.283,Low fat yogurt,9.47,9.36,0
5.337000000000001,4.711,40.383,2.622,1.1320000000000001,4.436,2.7243,Low fat yogurt,7.9,8.95,0
5.3389999999999995,4.112,40.891999999999996,2.4730000000000003,0.976,4.468999999999999,3.717,Regular yogurt,6.9,8.96,2
5.494,5.881,41.461999999999996,2.529,1.136,4.531000000000001,1.0511,Non fat yogurt,9.87,9.22,1
4.167,4.846,41.342,2.67,1.185,4.477,3.798,Regular yogurt,8.13,6.99,2
4.618,4.342,41.358000000000004,2.61,1.183,4.552,1.1673,Low fat yogurt,7.28,7.75,0
4.6610000000000005,4.227,40.047,2.505,1.056,4.459,3.2286,Low fat yogurt,7.09,7.82,0
5.879,4.788,41.315,2.574,1.145,4.5360000000000005,3.6322,Regular yogurt,8.03,9.86,2
4.0169999999999995,5.08,41.602,2.456,1.033,4.587,1.1588,Low fat yogurt,8.52,6.74,0
5.401,4.292,40.066,2.469,0.9940000000000001,4.426,3.9341,Regular yogurt,7.2,9.06,2
5.3660000000000005,5.599,40.253,2.4330000000000003,1.0270000000000001,4.408,3.7743,Regular yogurt,9.39,9.0,2
5.118,4.2010000000000005,41.42100000000001,2.494,1.018,4.4830000000000005,1.9684,Low fat yogurt,7.05,8.59,0
4.513,5.547999999999999,40.899,2.697,1.054,4.503,3.5625,Regular yogurt,9.31,7.57,2
5.228,5.367000000000001,40.909,2.6,1.107,4.4639999999999995,1.4137,Low fat yogurt,9.0,8.77,0
4.069,5.787999999999999,41.85,2.614,1.054,4.453,2.8903,Low fat yogurt,9.71,6.83,0
5.893,4.162,41.841,2.443,1.064,4.466,3.0117,Low fat yogurt,6.98,9.89,0
4.249,4.328,41.152,2.59,1.1079999999999999,4.571000000000001,3.8937,Regular yogurt,7.26,7.13,2
4.628,4.322,40.782,2.661,1.087,4.4830000000000005,1.1594,Low fat yogurt,7.25,7.76,0
4.25,5.629,41.578,2.4530000000000003,0.983,4.566,2.8935,Low fat yogurt,9.44,7.13,0
5.138999999999999,5.595,40.161,2.563,1.032,4.467,2.6007,Low fat yogurt,9.39,8.62,0
5.26,4.319,40.609,2.597,1.16,4.428,2.7771,Low fat yogurt,7.25,8.82,0
4.769,5.088,40.203,2.407,1.136,4.507,3.6188,Regular yogurt,8.54,8.0,2
5.118,5.905,40.396,2.544,1.028,4.4110000000000005,3.6414,Regular yogurt,9.91,8.59,2
5.582000000000001,5.931,40.332,2.635,1.147,4.527,2.9631,Low fat yogurt,9.95,9.37,0
5.4670000000000005,5.647,41.342,2.5869999999999997,1.022,4.404,3.4345,Regular yogurt,9.47,9.17,2
5.523,4.165,40.486999999999995,2.44,1.109,4.467,3.9704,Regular yogurt,6.99,9.27,2
5.063,5.07,41.128,2.476,1.12,4.428999999999999,3.0331,Low fat yogurt,8.51,8.49,0
4.675,4.205,40.626,2.536,1.158,4.467,2.428,Low fat yogurt,7.05,7.84,0
4.94,4.3260000000000005,40.114000000000004,2.54,1.053,4.585,3.7954,Regular yogurt,7.26,8.29,2
4.438,4.953,40.335,2.5469999999999997,1.1159999999999999,4.59,1.2473,Low fat yogurt,8.31,7.45,0
5.997000000000001,4.414,40.18,2.4459999999999997,1.093,4.4719999999999995,1.2864,Low fat yogurt,7.41,10.06,0
5.316,5.547000000000001,40.967,2.406,1.178,4.578,2.8864,Low fat yogurt,9.31,8.92,0
5.796,5.6739999999999995,40.756,2.572,0.982,4.417,1.7882,Low fat yogurt,9.52,9.72,0
5.497000000000001,5.23,41.803000000000004,2.454,0.9890000000000001,4.4430000000000005,2.6432,Low fat yogurt,8.77,9.22,0
4.935,4.185,40.63,2.637,0.97,4.4319999999999995,1.6952,Low fat yogurt,7.02,8.28,0
5.149,4.126,41.523999999999994,2.611,1.041,4.416,2.9455,Low fat yogurt,6.92,8.64,0
5.547000000000001,5.645,41.153,2.676,1.004,4.457,2.2865,Low fat yogurt,9.47,9.31,0
4.9110000000000005,5.952999999999999,41.013999999999996,2.511,1.02,4.573,3.2321,Low fat yogurt,9.99,8.24,0
4.882,4.188,41.975,2.605,0.9940000000000001,4.561,2.9017,Low fat yogurt,7.03,8.19,0
5.162999999999999,4.986000000000001,41.027,2.427,0.988,4.4830000000000005,1.7381,Low fat yogurt,8.37,8.66,0
5.3870000000000005,4.869,41.871,2.4,1.114,4.438,1.8969999999999998,Low fat yogurt,8.17,9.04,0
4.666,4.532,41.782,2.589,0.972,4.444,2.6547,Low fat yogurt,7.6,7.83,0
4.855,5.716,40.14,2.605,1.1320000000000001,4.442,1.3166,Low fat yogurt,9.59,8.15,0
4.532,4.044,41.88399999999999,2.562,1.1520000000000001,4.493,1.389,Low fat yogurt,6.78,7.6,0
5.143,5.558,41.336999999999996,2.463,1.105,4.51,1.6749,Low fat yogurt,9.32,8.63,0
5.895,5.357,41.934,2.696,1.074,4.404,1.6551,Low fat yogurt,8.99,9.89,0
4.221,4.178999999999999,40.605,2.548,1.138,4.466,1.7947,Low fat yogurt,7.01,7.08,0
4.147,5.053,41.416000000000004,2.512,1.051,4.43,3.2751,Regular yogurt,8.48,6.96,2
5.527,4.824,41.504,2.425,1.071,4.497,2.4531,Low fat yogurt,8.09,9.27,0
5.393,4.934,40.384,2.582,0.951,4.4430000000000005,3.5157,Regular yogurt,8.28,9.05,2
5.817,5.3420000000000005,41.273,2.6210000000000004,1.079,4.535,3.9082,Regular yogurt,8.96,9.76,2
4.539,4.064,41.338,2.593,1.0390000000000001,4.439,3.8897,Regular yogurt,6.82,7.62,2
4.365,5.843,41.718999999999994,2.58,1.018,4.556,1.557,Low fat yogurt,9.8,7.32,0
5.619,4.405,40.191,2.6489999999999996,1.0170000000000001,4.462,3.2535,Regular yogurt,7.39,9.43,2
5.581,5.971,41.505,2.5,1.084,4.529,2.6884,Low fat yogurt,10.02,9.36,0
4.878,4.06,41.183,2.5810000000000004,1.026,4.409,1.6383,Low fat yogurt,6.81,8.18,0
4.521,5.545,40.385999999999996,2.5140000000000002,1.1740000000000002,4.593,2.9668,Low fat yogurt,9.3,7.58,0
4.543,4.912,40.841,2.66,1.181,4.401,2.9989,Low fat yogurt,8.24,7.62,0
5.492000000000001,5.685,40.917,2.585,1.044,4.588,3.3748,Regular yogurt,9.54,9.21,2
5.162000000000001,4.458,40.384,2.533,1.145,4.423,1.5456,Low fat yogurt,7.48,8.66,0
4.061,5.892,41.108999999999995,2.595,1.026,4.492,2.5685,Low fat yogurt,9.89,6.81,0
5.702000000000001,4.163,40.6,2.515,1.055,4.484,1.2401,Low fat yogurt,6.98,9.57,0
5.968,4.0089999999999995,40.483000000000004,2.498,1.17,4.426,1.5716,Low fat yogurt,6.73,10.01,0
4.6,4.577,40.469,2.457,1.067,4.435,3.6010000000000004,Regular yogurt,7.68,7.72,2
4.186,5.9479999999999995,41.558,2.5860000000000003,1.14,4.562,1.0424,Non fat yogurt,9.98,7.02,1
5.0360000000000005,5.757999999999999,40.998000000000005,2.463,1.02,4.48,1.8288,Low fat yogurt,9.66,8.45,0
5.447,4.037,40.931,2.62,1.159,4.4430000000000005,3.819,Regular yogurt,6.77,9.14,2
4.933,4.998,40.904,2.412,1.025,4.529,3.4072,Regular yogurt,8.39,8.28,2
4.019,4.055,41.743,2.655,1.047,4.433,1.4886,Low fat yogurt,6.8,6.74,0
5.1,5.345,41.581,2.4930000000000003,1.089,4.412,2.0325,Low fat yogurt,8.97,8.56,0
5.483,5.377999999999999,40.118,2.5610000000000004,1.115,4.542,3.3966,Regular yogurt,9.02,9.2,2
5.971,4.2860000000000005,40.414,2.625,1.013,4.4239999999999995,3.6824,Regular yogurt,7.19,10.02,2
5.695,5.506,40.248000000000005,2.415,0.961,4.504,1.5534,Low fat yogurt,9.24,9.55,0
4.592,5.925,40.161,2.552,1.183,4.558,3.3663,Regular yogurt,9.94,7.7,2
4.615,5.156000000000001,41.431000000000004,2.449,1.124,4.435,2.0224,Low fat yogurt,8.65,7.74,0
5.251,5.721,41.891000000000005,2.506,1.07,4.5569999999999995,1.3858,Low fat yogurt,9.6,8.81,0
4.2860000000000005,4.176,40.744,2.535,0.978,4.414,3.9422,Regular yogurt,7.01,7.19,2
4.337,5.184,41.95,2.476,0.9620000000000001,4.4030000000000005,2.3619,Low fat yogurt,8.7,7.28,0
4.482,4.988,40.173,2.441,1.016,4.476,1.4175,Low fat yogurt,8.37,7.52,0
4.888999999999999,4.581,41.651,2.43,1.182,4.523,3.1908,Low fat yogurt,7.69,8.2,0
4.676,5.684,40.844,2.571,1.022,4.436,3.7145,Regular yogurt,9.54,7.85,2
5.202000000000001,5.371,41.693999999999996,2.412,1.139,4.596,1.3025,Low fat yogurt,9.01,8.73,0
5.266,5.145,41.755,2.447,1.048,4.453,2.9881,Low fat yogurt,8.63,8.83,0
4.354,4.391,40.399,2.4530000000000003,1.119,4.445,2.9059,Low fat yogurt,7.37,7.3,0
4.535,4.2860000000000005,40.513000000000005,2.697,0.993,4.529,2.5646,Low fat yogurt,7.19,7.61,0
4.378,4.458,40.163000000000004,2.471,1.121,4.49,1.4342,Low fat yogurt,7.48,7.35,0
4.482,4.265,40.391999999999996,2.688,1.137,4.544,2.9125,Low fat yogurt,7.16,7.52,0
5.557,5.986000000000001,40.463,2.6289999999999996,1.046,4.417,3.5832,Regular yogurt,10.04,9.32,2
4.604,5.138,41.208,2.69,1.069,4.523,2.0829,Low fat yogurt,8.62,7.72,0
5.289,5.127000000000001,40.481,2.434,1.112,4.492,3.0314,Low fat yogurt,8.6,8.87,0
5.075,5.93,40.14,2.423,1.1740000000000002,4.548,3.8922,Regular yogurt,9.95,8.51,2
5.756,5.335,40.624,2.6839999999999997,1.189,4.584,1.0792,Non fat yogurt,8.95,9.66,1
4.156000000000001,5.178999999999999,41.418,2.454,1.001,4.481,3.4667,Regular yogurt,8.69,6.97,2
4.734,5.013,41.3,2.67,1.001,4.591,2.2097,Low fat yogurt,8.41,7.94,0
5.242999999999999,4.708,41.941,2.658,1.143,4.463,1.2587,Low fat yogurt,7.9,8.8,0
4.105,4.338,40.622,2.427,1.051,4.52,3.5563,Regular yogurt,7.28,6.89,2
4.368,4.569,41.687,2.6719999999999997,0.9520000000000001,4.58,1.4174,Low fat yogurt,7.67,7.33,0
5.267,4.436,41.675,2.454,1.003,4.463,3.7899,Regular yogurt,7.44,8.84,2
5.626,4.4319999999999995,41.651,2.44,1.0959999999999999,4.462,1.9536,Low fat yogurt,7.44,9.44,0
5.933,4.742,41.693999999999996,2.548,1.137,4.552,1.1902,Low fat yogurt,7.96,9.95,0
5.091,5.865,40.361,2.467,1.138,4.545,3.5355,Regular yogurt,9.84,8.54,2
4.619,4.752,41.696999999999996,2.529,0.971,4.473,2.1538,Low fat yogurt,7.97,7.75,0
4.883,4.611000000000001,40.009,2.515,1.101,4.487,1.3738,Low fat yogurt,7.74,8.19,0
4.456,5.506,40.613,2.6830000000000003,1.122,4.538,3.6606,Regular yogurt,9.24,7.48,2
5.8660000000000005,5.061,40.131,2.56,1.083,4.447,1.7259,Low fat yogurt,8.49,9.84,0
5.457000000000001,5.207999999999999,40.15,2.535,1.0390000000000001,4.459,1.5237,Low fat yogurt,8.74,9.16,0
4.513,5.148,41.036,2.51,1.103,4.502,3.3826,Regular yogurt,8.64,7.57,2
4.895,4.024,41.528999999999996,2.625,1.032,4.487,2.1283,Low fat yogurt,6.75,8.21,0
5.768,4.493,40.023,2.682,1.043,4.567,3.3959,Regular yogurt,7.54,9.68,2
4.622,4.927,40.05,2.563,1.023,4.519,1.2915,Low fat yogurt,8.27,7.75,0
5.859,4.952,40.075,2.562,1.094,4.587,3.3811,Regular yogurt,8.31,9.83,2
5.148,5.461,41.44,2.6689999999999996,1.025,4.587,3.8427,Regular yogurt,9.16,8.64,2
5.048,4.569,41.873000000000005,2.613,1.016,4.545,1.8801,Low fat yogurt,7.67,8.47,0
4.946000000000001,4.251,41.028999999999996,2.65,0.971,4.565,3.1744,Low fat yogurt,7.13,8.3,0
5.056,5.8420000000000005,40.574,2.474,0.992,4.548,2.3506,Low fat yogurt,9.8,8.48,0
4.348,4.234,41.035,2.403,1.1059999999999999,4.492,1.7507,Low fat yogurt,7.1,7.29,0
5.3629999999999995,5.004,41.988,2.522,0.998,4.5489999999999995,1.3649,Low fat yogurt,8.4,9.0,0
5.051,5.6339999999999995,40.949,2.425,1.036,4.439,3.8848,Regular yogurt,9.45,8.47,2
5.566,5.8260000000000005,41.629,2.64,1.185,4.45,1.4347,Low fat yogurt,9.77,9.34,0
4.928,5.0569999999999995,40.128,2.673,1.146,4.581,2.6775,Low fat yogurt,8.48,8.27,0
5.124,5.244,40.858000000000004,2.4459999999999997,1.141,4.527,3.0581,Low fat yogurt,8.8,8.6,0
5.064,5.704,40.395,2.68,1.0070000000000001,4.5569999999999995,1.3771,Low fat yogurt,9.57,8.5,0
5.317,4.985,40.294000000000004,2.437,1.078,4.406000000000001,1.0613,Non fat yogurt,8.36,8.92,1
5.931,5.1160000000000005,41.986999999999995,2.595,1.058,4.43,1.6031,Low fat yogurt,8.58,9.95,0
4.083,4.572,40.978,2.536,1.107,4.468999999999999,3.4258,Regular yogurt,7.67,6.85,2
5.917999999999999,4.242,40.902,2.533,1.139,4.433,2.1551,Low fat yogurt,7.12,9.93,0
5.443,4.76,41.816,2.469,1.115,4.5680000000000005,1.9256,Low fat yogurt,7.99,9.13,0
5.529,4.422,40.561,2.6189999999999998,1.0659999999999998,4.441,2.8152,Low fat yogurt,7.42,9.28,0
4.232,5.237,41.012,2.653,1.026,4.485,3.6194,Regular yogurt,8.79,7.1,2
5.178999999999999,4.672,41.409,2.53,1.0979999999999999,4.415,2.1135,Low fat yogurt,7.84,8.69,0
5.16,4.461,41.126000000000005,2.52,1.021,4.447,3.8907,Regular yogurt,7.48,8.66,2
4.74,5.898,40.468,2.509,1.185,4.444,2.5096,Low fat yogurt,9.9,7.95,0
4.168,5.694,41.111999999999995,2.653,0.996,4.524,3.7068,Regular yogurt,9.55,6.99,2
4.005,5.2379999999999995,40.848,2.5789999999999997,1.094,4.585,2.0797,Low fat yogurt,8.79,6.72,0
5.3660000000000005,5.896,40.53,2.522,0.9690000000000001,4.497,3.1503,Low fat yogurt,9.89,9.0,0
5.1370000000000005,4.856,41.526,2.636,1.054,4.553999999999999,1.7378,Low fat yogurt,8.15,8.62,0
5.742000000000001,4.371,41.229,2.697,1.165,4.534,1.2055,Low fat yogurt,7.33,9.63,0
5.721,5.266,40.491,2.569,1.178,4.5680000000000005,2.9466,Low fat yogurt,8.83,9.6,0
5.526,5.644,41.162,2.645,1.138,4.572,2.3239,Low fat yogurt,9.47,9.27,0
5.318,4.915,41.865,2.623,1.11,4.507,1.5822,Low fat yogurt,8.25,8.92,0
4.63,5.872999999999999,40.945,2.697,1.183,4.518,1.8207,Low fat yogurt,9.85,7.77,0
5.345,4.678999999999999,40.208,2.443,0.968,4.515,2.7361,Low fat yogurt,7.85,8.97,0
4.506,4.224,41.858000000000004,2.667,1.055,4.414,1.3414,Low fat yogurt,7.09,7.56,0
4.004,4.979,40.818000000000005,2.497,1.097,4.565,2.7719,Low fat yogurt,8.35,6.72,0
5.921,5.728,40.313,2.528,1.188,4.535,1.4744,Low fat yogurt,9.61,9.93,0
4.785,5.912000000000001,41.603,2.5610000000000004,1.002,4.537,2.3149,Low fat yogurt,9.92,8.03,0
5.132999999999999,5.19,40.703,2.5540000000000003,1.1059999999999999,4.542,3.2106,Low fat yogurt,8.71,8.61,0
5.63,5.301,41.868,2.426,1.097,4.486000000000001,2.904,Low fat yogurt,8.89,9.45,0
4.662,5.801,41.89,2.498,1.171,4.4430000000000005,1.6531,Low fat yogurt,9.73,7.82,0
5.903,4.23,41.031000000000006,2.403,1.053,4.569,3.3423,Regular yogurt,7.1,9.9,2
5.265,5.972,40.816,2.437,1.114,4.488,2.6686,Low fat yogurt,10.02,8.83,0
4.85,4.203,41.972,2.602,1.117,4.474,1.9966,Low fat yogurt,7.05,8.14,0
4.343,4.157,40.116,2.522,1.0590000000000002,4.5489999999999995,2.9072,Low fat yogurt,6.97,7.29,0
4.062,5.05,41.75,2.668,0.955,4.494,3.4756,Regular yogurt,8.47,6.81,2
4.196000000000001,4.746,40.053000000000004,2.589,1.126,4.428,2.5144,Low fat yogurt,7.96,7.04,0
4.463,4.348,41.868,2.6239999999999997,1.138,4.425,3.5826,Regular yogurt,7.29,7.49,2
4.166,5.276,41.227,2.633,0.968,4.457,3.3731,Regular yogurt,8.85,6.99,2
5.925,4.244,40.056999999999995,2.574,1.0,4.5969999999999995,3.1215,Low fat yogurt,7.12,9.94,0
4.9030000000000005,5.567,40.149,2.4130000000000003,1.0270000000000001,4.485,3.4302,Regular yogurt,9.34,8.23,2
5.647,4.129,41.955,2.4290000000000003,1.062,4.518,1.3168,Low fat yogurt,6.93,9.47,0
5.4639999999999995,4.524,40.427,2.62,0.961,4.559,1.7755,Low fat yogurt,7.59,9.17,0
5.938,5.523,40.015,2.585,1.067,4.51,1.4054,Low fat yogurt,9.27,9.96,0
5.1,4.099,41.483000000000004,2.5860000000000003,1.114,4.538,3.8038,Regular yogurt,6.88,8.56,2
5.956,4.209,41.526,2.443,1.1420000000000001,4.407,2.262,Low fat yogurt,7.06,9.99,0
5.445,5.614,41.989,2.6689999999999996,1.103,4.5760000000000005,1.1018,Low fat yogurt,9.42,9.14,0
4.082,4.592,40.1,2.509,1.087,4.537,3.9291,Regular yogurt,7.7,6.85,2
5.903,4.904,40.542,2.657,1.089,4.4510000000000005,2.6439,Low fat yogurt,8.23,9.9,0
5.319,5.053,41.983999999999995,2.441,1.151,4.487,2.3823,Low fat yogurt,8.48,8.92,0
4.273,4.558,40.765,2.556,0.956,4.496,3.1207,Low fat yogurt,7.65,7.17,0
4.69,4.3660000000000005,40.41,2.503,0.968,4.465,2.6531,Low fat yogurt,7.32,7.87,0
5.352,4.971,40.875,2.58,1.03,4.564,2.7514,Low fat yogurt,8.34,8.98,0
5.32,5.667000000000001,41.123999999999995,2.573,1.056,4.465,1.0731,Non fat yogurt,9.51,8.93,1
4.938,4.098,40.739000000000004,2.503,1.012,4.583,3.8249,Regular yogurt,6.88,8.28,2
4.315,5.047,41.53,2.459,1.112,4.4639999999999995,3.0558,Low fat yogurt,8.47,7.24,0
5.987,4.001,41.886,2.468,1.003,4.515,1.0636,Non fat yogurt,6.71,10.04,1
5.909,5.365,41.373000000000005,2.6039999999999996,1.1079999999999999,4.596,1.0437,Non fat yogurt,9.0,9.91,1
4.2219999999999995,5.877999999999999,41.326,2.523,1.187,4.505,1.7556,Low fat yogurt,9.86,7.08,0
4.376,4.476,40.469,2.4730000000000003,1.1420000000000001,4.43,3.7233,Regular yogurt,7.51,7.34,2
4.0680000000000005,5.306,40.779,2.529,1.047,4.493,2.3583,Low fat yogurt,8.9,6.82,0
5.2139999999999995,5.506,41.383,2.636,1.018,4.49,2.6516,Low fat yogurt,9.24,8.75,0
4.7010000000000005,4.258,41.078,2.448,0.9570000000000001,4.5089999999999995,3.6736,Regular yogurt,7.14,7.89,2
4.697,5.35,40.747,2.498,1.02,4.412,1.8230000000000002,Low fat yogurt,8.98,7.88,0
5.337000000000001,4.055,41.967,2.449,1.056,4.455,3.9218,Regular yogurt,6.8,8.95,2
4.588,5.765,41.119,2.6910000000000003,1.074,4.427,3.5388,Regular yogurt,9.67,7.7,2
5.178,4.66,41.768,2.614,1.117,4.478,1.7214,Low fat yogurt,7.82,8.69,0
5.428999999999999,4.088,41.791000000000004,2.6010000000000004,0.9740000000000001,4.518,1.6833,Low fat yogurt,6.86,9.11,0
4.612,5.835,40.067,2.542,0.9890000000000001,4.495,2.5715,Low fat yogurt,9.79,7.74,0
4.96,5.654,40.88,2.454,1.015,4.513999999999999,3.3863,Regular yogurt,9.49,8.32,2
4.16,5.4,40.566,2.642,1.102,4.502,1.1921,Low fat yogurt,9.06,6.98,0
5.2620000000000005,4.271,41.753,2.464,0.963,4.511,1.7374,Low fat yogurt,7.17,8.83,0
5.42,4.762,40.126999999999995,2.42,0.9790000000000001,4.468,1.9468,Low fat yogurt,7.99,9.09,0
5.46,5.5760000000000005,41.544,2.667,0.988,4.534,2.5396,Low fat yogurt,9.35,9.16,0
4.281000000000001,4.508,40.358000000000004,2.541,1.133,4.457,2.5264,Low fat yogurt,7.56,7.18,0
4.865,4.171,41.74100000000001,2.485,1.031,4.438,1.1963,Low fat yogurt,7.0,8.16,0
4.53,4.308,40.299,2.436,0.965,4.468999999999999,1.325,Low fat yogurt,7.23,7.6,0
4.187,4.782,40.431999999999995,2.595,1.0090000000000001,4.574,3.5214,Regular yogurt,8.02,7.02,2
5.267,4.059,40.312,2.4659999999999997,0.961,4.456,2.2994,Low fat yogurt,6.81,8.84,0
5.024,4.707,40.708,2.638,0.995,4.458,2.1921,Low fat yogurt,7.9,8.43,0
4.4719999999999995,5.641,41.913000000000004,2.593,1.127,4.4,3.4246,Regular yogurt,9.46,7.5,2
4.488,4.235,41.744,2.489,1.12,4.593999999999999,3.1838,Low fat yogurt,7.11,7.53,0
4.137,5.532,40.525999999999996,2.513,1.028,4.564,3.5881,Regular yogurt,9.28,6.94,2
4.809,5.354,40.821999999999996,2.633,0.9640000000000001,4.574,1.3054,Low fat yogurt,8.98,8.07,0
5.625,5.202999999999999,40.359,2.6910000000000003,1.124,4.407,3.5884,Regular yogurt,8.73,9.44,2
4.938,5.722,40.977,2.678,1.015,4.516,1.0682,Non fat yogurt,9.6,8.28,1
4.593,4.287,40.667,2.6630000000000003,1.107,4.584,3.9376,Regular yogurt,7.19,7.71,2
5.164,4.95,41.272,2.405,1.0070000000000001,4.562,1.6396,Low fat yogurt,8.3,8.66,0
4.973,5.57,41.908,2.585,1.064,4.584,3.298,Regular yogurt,9.34,8.34,2
5.981,4.788,40.533,2.472,1.1840000000000002,4.572,1.7665,Low fat yogurt,8.03,10.03,0
4.107,5.385,40.332,2.658,1.1420000000000001,4.448,1.6067,Low fat yogurt,9.03,6.89,0
4.397,5.375,41.166000000000004,2.576,0.958,4.59,2.1771,Low fat yogurt,9.02,7.38,0
5.8629999999999995,4.106,41.288999999999994,2.428,1.1840000000000002,4.583,1.9758,Low fat yogurt,6.89,9.84,0
4.226,5.672999999999999,40.287,2.6010000000000004,0.972,4.595,1.8834,Low fat yogurt,9.52,7.09,0
4.186,5.702000000000001,40.689,2.615,1.061,4.466,2.8613,Low fat yogurt,9.57,7.02,0
4.874,4.149,41.104,2.4819999999999998,0.9890000000000001,4.6,3.7716,Regular yogurt,6.96,8.18,2
5.986000000000001,5.693,41.138000000000005,2.536,1.069,4.493,1.0363,Non fat yogurt,9.55,10.04,1
4.979,4.998,41.836000000000006,2.467,0.9570000000000001,4.592,1.2315,Low fat yogurt,8.39,8.35,0
4.323,5.392,40.493,2.497,1.139,4.407,3.1599,Low fat yogurt,9.05,7.25,0
4.543,5.407,41.711999999999996,2.648,1.026,4.454,1.2303,Low fat yogurt,9.07,7.62,0
5.266,5.65,40.703,2.597,1.178,4.445,2.58,Low fat yogurt,9.48,8.83,0
4.1530000000000005,4.335,41.128,2.414,0.9790000000000001,4.575,3.1389,Low fat yogurt,7.27,6.97,0
5.797000000000001,5.678999999999999,41.464,2.4619999999999997,1.16,4.43,3.1013,Low fat yogurt,9.53,9.73,0
5.478,5.819,41.351000000000006,2.406,1.02,4.532,3.9262,Regular yogurt,9.76,9.19,2
4.1160000000000005,5.433,41.261,2.5660000000000003,1.093,4.591,2.2159999999999997,Low fat yogurt,9.12,6.91,0
5.0969999999999995,4.76,41.343999999999994,2.546,1.057,4.413,1.7846,Low fat yogurt,7.99,8.55,0
4.129,4.005,41.43600000000001,2.6310000000000002,1.17,4.524,2.2563,Low fat yogurt,6.72,6.93,0
5.671,4.876,40.596,2.6860000000000004,0.983,4.4510000000000005,2.8017,Low fat yogurt,8.18,9.51,0
5.511,5.037,40.173,2.628,1.06,4.473,2.3434,Low fat yogurt,8.45,9.25,0
4.926,4.417,40.921,2.5989999999999998,0.955,4.452,1.641,Low fat yogurt,7.41,8.26,0
4.452,4.335,40.166,2.65,0.953,4.5489999999999995,3.7615,Regular yogurt,7.27,7.47,2
4.2669999999999995,5.16,41.327,2.637,1.0390000000000001,4.599,3.4626,Regular yogurt,8.66,7.16,2
5.222,4.789,41.03,2.6439999999999997,0.958,4.572,3.0067,Low fat yogurt,8.03,8.76,0
4.113,4.686,40.718,2.636,1.072,4.425,3.9359,Regular yogurt,7.86,6.9,2
5.183,4.059,40.398,2.628,0.9540000000000001,4.4239999999999995,3.1169,Low fat yogurt,6.81,8.7,0
4.3069999999999995,4.926,40.245,2.45,1.078,4.583,2.3332,Low fat yogurt,8.26,7.23,0
5.189,5.006,41.629,2.592,1.013,4.457,1.9222,Low fat yogurt,8.4,8.71,0
5.3,5.1339999999999995,41.516999999999996,2.465,1.165,4.4030000000000005,1.5479,Low fat yogurt,8.61,8.89,0
5.974,4.495,41.628,2.5269999999999997,1.101,4.481,2.2887,Low fat yogurt,7.54,10.02,0
5.377999999999999,5.672999999999999,41.012,2.529,1.069,4.53,2.6384,Low fat yogurt,9.52,9.02,0
5.79,4.3069999999999995,41.232,2.605,1.161,4.6,2.0514,Low fat yogurt,7.23,9.71,0
5.952999999999999,4.6419999999999995,40.464,2.694,1.074,4.44,3.0915,Low fat yogurt,7.79,9.99,0
5.77,5.269,41.393,2.58,1.146,4.505,3.9993,Regular yogurt,8.84,9.68,2
4.114,5.575,40.274,2.605,1.135,4.5569999999999995,1.6344,Low fat yogurt,9.35,6.9,0
5.4,5.404,41.50899999999999,2.463,1.085,4.407,1.2441,Low fat yogurt,9.07,9.06,0
4.092,5.105,41.873000000000005,2.48,1.119,4.575,3.4948,Regular yogurt,8.56,6.87,2
4.504,5.629,41.876999999999995,2.519,1.147,4.599,2.0346,Low fat yogurt,9.44,7.56,0
4.422,5.195,41.931000000000004,2.676,1.156,4.535,3.2597,Regular yogurt,8.72,7.42,2
5.865,5.393,40.399,2.5780000000000003,1.014,4.5489999999999995,1.9784,Low fat yogurt,9.05,9.84,0
4.829,4.658,41.412,2.608,1.186,4.59,1.8334,Low fat yogurt,7.81,8.1,0
4.137,5.93,41.416000000000004,2.557,1.1340000000000001,4.476,3.3057,Regular yogurt,9.95,6.94,2
5.095,5.7170000000000005,41.669,2.62,1.167,4.476,3.2286,Low fat yogurt,9.59,8.55,0
4.2219999999999995,4.289,41.287,2.562,0.9590000000000001,4.562,1.9455,Low fat yogurt,7.2,7.08,0
4.956,5.381,40.296,2.496,1.016,4.477,1.8048,Low fat yogurt,9.03,8.31,0
4.712,4.712,41.205,2.479,1.176,4.596,2.4276,Low fat yogurt,7.91,7.91,0
5.779,5.072,41.70399999999999,2.622,1.064,4.571000000000001,2.7828,Low fat yogurt,8.51,9.7,0
5.153,5.27,41.346000000000004,2.636,1.062,4.454,3.6596,Regular yogurt,8.84,8.65,2
4.958,5.782,41.38399999999999,2.412,1.125,4.596,2.9075,Low fat yogurt,9.7,8.32,0
5.565,5.726,40.134,2.524,0.991,4.503,2.0751,Low fat yogurt,9.61,9.34,0
4.789,5.9270000000000005,40.796,2.461,1.182,4.5489999999999995,3.1293,Low fat yogurt,9.94,8.03,0
5.747000000000001,5.81,41.466,2.4730000000000003,1.145,4.417,1.5416,Low fat yogurt,9.75,9.64,0
4.412,4.274,40.604,2.472,1.071,4.484,1.5791,Low fat yogurt,7.17,7.4,0
5.973,5.086,41.803000000000004,2.576,1.171,4.505,1.6763,Low fat yogurt,8.53,10.02,0
5.207999999999999,5.597,41.316,2.456,1.117,4.593,3.3009,Regular yogurt,9.39,8.74,2
5.3,4.783,40.113,2.576,1.081,4.423,2.8323,Low fat yogurt,8.02,8.89,0
4.609,4.817,40.851,2.4459999999999997,1.157,4.534,1.012,Non fat yogurt,8.08,7.73,1
5.747000000000001,5.686,41.117,2.544,1.19,4.506,3.5722,Regular yogurt,9.54,9.64,2
4.596,5.801,40.609,2.4290000000000003,1.021,4.565,1.7252,Low fat yogurt,9.73,7.71,0
5.254,4.269,40.074,2.448,1.087,4.433,1.3827,Low fat yogurt,7.16,8.81,0
5.82,5.787999999999999,41.082,2.695,1.048,4.584,3.0791,Low fat yogurt,9.71,9.76,0
5.507999999999999,4.712,40.565,2.6039999999999996,1.082,4.455,1.2655,Low fat yogurt,7.91,9.24,0
4.665,5.65,40.211,2.416,1.1640000000000001,4.47,3.9184,Regular yogurt,9.48,7.83,2
5.832999999999999,4.633,41.576,2.639,1.189,4.438,1.2517,Low fat yogurt,7.77,9.79,0
5.906000000000001,5.11,41.465,2.42,0.9940000000000001,4.45,2.9371,Low fat yogurt,8.57,9.91,0
4.119,4.544,40.153,2.675,1.005,4.543,3.0185,Low fat yogurt,7.62,6.91,0
5.136,5.194,41.648,2.565,1.041,4.404,3.4968,Regular yogurt,8.71,8.62,2
4.989,4.795,40.719,2.42,1.107,4.534,2.4930000000000003,Low fat yogurt,8.04,8.37,0
4.633,4.519,40.21,2.6660000000000004,1.189,4.543,3.4913,Regular yogurt,7.58,7.77,2
4.89,4.158,41.22,2.552,1.037,4.58,1.3515,Low fat yogurt,6.98,8.2,0
5.854,5.04,40.536,2.487,0.9990000000000001,4.476,3.9008,Regular yogurt,8.46,9.82,2
4.553,5.755,40.543,2.572,1.071,4.52,1.8797,Low fat yogurt,9.66,7.64,0
5.599,4.412,40.748000000000005,2.403,1.137,4.471,2.3994,Low fat yogurt,7.4,9.39,0
5.938,4.303999999999999,40.366,2.484,1.043,4.508,2.9628,Low fat yogurt,7.22,9.96,0
5.352,4.355,40.596,2.6510000000000002,1.052,4.586,3.0999,Low fat yogurt,7.31,8.98,0
4.146,5.744,40.214,2.563,1.0859999999999999,4.476,2.199,Low fat yogurt,9.64,6.96,0
5.9479999999999995,5.521,40.569,2.6239999999999997,1.058,4.4030000000000005,2.283,Low fat yogurt,9.26,9.98,0
4.822,5.135,41.401,2.502,1.117,4.542,2.0961,Low fat yogurt,8.62,8.09,0
4.74,4.0889999999999995,41.11600000000001,2.51,1.0070000000000001,4.584,1.4689,Low fat yogurt,6.86,7.95,0
5.659,5.731,40.819,2.5069999999999997,1.09,4.544,3.3395,Regular yogurt,9.62,9.49,2
4.029,4.383,40.123000000000005,2.614,1.022,4.555,1.4014,Low fat yogurt,7.35,6.76,0
4.293,5.132000000000001,40.556,2.505,0.978,4.553999999999999,1.183,Low fat yogurt,8.61,7.2,0
4.282,5.008,40.409,2.4,1.141,4.5889999999999995,1.2741,Low fat yogurt,8.4,7.18,0
5.652,5.689,40.104,2.536,1.079,4.481,1.6695,Low fat yogurt,9.54,9.48,0
4.792,4.7139999999999995,40.894,2.627,1.14,4.563,1.1616,Low fat yogurt,7.91,8.04,0
4.346,4.997,41.775,2.642,1.1740000000000002,4.4719999999999995,3.9293,Regular yogurt,8.38,7.29,2
4.379,5.011,40.199,2.628,0.996,4.456,2.9130000000000003,Low fat yogurt,8.41,7.35,0
5.769,4.3839999999999995,41.125,2.419,1.081,4.584,1.3359999999999999,Low fat yogurt,7.36,9.68,0
5.795,5.792000000000001,40.105,2.699,1.158,4.405,1.2108,Low fat yogurt,9.72,9.72,0
4.936,4.591,40.463,2.405,1.121,4.501,2.5337,Low fat yogurt,7.7,8.28,0
5.315,4.1610000000000005,40.989,2.595,1.127,4.593,3.0811,Low fat yogurt,6.98,8.92,0
5.95,4.402,40.756,2.668,0.9620000000000001,4.587,2.0685,Low fat yogurt,7.39,9.98,0
4.314,4.863,41.549,2.64,0.975,4.5969999999999995,3.7364,Regular yogurt,8.16,7.24,2
4.598,4.623,41.707,2.676,0.972,4.428999999999999,1.1644,Low fat yogurt,7.76,7.71,0
5.078,4.465,41.547,2.519,1.022,4.5680000000000005,1.429,Low fat yogurt,7.49,8.52,0
5.301,4.957,41.254,2.552,1.024,4.527,3.7457,Regular yogurt,8.32,8.89,2
4.6080000000000005,5.702000000000001,40.602,2.5639999999999996,1.155,4.511,1.9436,Low fat yogurt,9.57,7.73,0
5.591,5.332999999999999,40.760999999999996,2.434,1.112,4.553999999999999,3.3364,Regular yogurt,8.95,9.38,2
5.3020000000000005,4.238,41.646,2.6289999999999996,1.012,4.405,2.0494,Low fat yogurt,7.11,8.9,0
4.457,4.423,41.61,2.658,1.0070000000000001,4.446000000000001,1.0637,Non fat yogurt,7.42,7.48,1
4.743,5.435,41.32899999999999,2.434,1.113,4.5,3.4837,Regular yogurt,9.12,7.96,2
5.914,5.607,40.421,2.608,1.055,4.4239999999999995,3.9938,Regular yogurt,9.41,9.92,2
5.8020000000000005,5.523,41.742,2.465,0.978,4.555,3.4139,Regular yogurt,9.27,9.73,2
4.646,5.9479999999999995,40.089,2.559,1.092,4.449,2.3242,Low fat yogurt,9.98,7.79,0
5.17,5.08,41.742,2.673,0.968,4.452,1.7912,Low fat yogurt,8.52,8.67,0
4.81,5.837999999999999,41.558,2.557,1.105,4.582,3.5575,Regular yogurt,9.79,8.07,2
4.562,4.833,41.358999999999995,2.654,1.015,4.488,1.0795,Non fat yogurt,8.11,7.65,1
5.337999999999999,5.562,40.538000000000004,2.65,1.0959999999999999,4.459,2.444,Low fat yogurt,9.33,8.96,0
5.228,4.466,41.156000000000006,2.502,1.156,4.555,1.4788,Low fat yogurt,7.49,8.77,0
4.395,4.195,40.988,2.51,0.995,4.496,2.3514,Low fat yogurt,7.04,7.37,0
4.938,4.688,41.685,2.6430000000000002,1.034,4.495,3.0312,Low fat yogurt,7.87,8.28,0
4.516,4.071000000000001,40.071,2.6239999999999997,0.988,4.595,3.3141,Regular yogurt,6.83,7.58,2
5.474,4.888999999999999,41.446000000000005,2.414,1.097,4.556,1.8533,Low fat yogurt,8.2,9.18,0
4.489,4.539,41.335,2.659,0.9640000000000001,4.412,1.8671,Low fat yogurt,7.62,7.53,0
5.399,5.245,41.562,2.602,1.15,4.431,3.8777,Regular yogurt,8.8,9.06,2
4.106,5.196000000000001,40.298,2.591,0.992,4.415,3.1925,Low fat yogurt,8.72,6.89,0
5.494,4.194,40.421,2.576,1.048,4.544,3.9445,Regular yogurt,7.04,9.22,2
